{"v":"5.7.8","fr":29.9700012207031,"ip":0,"op":300.00001221925,"w":1000,"h":1000,"nm":"TrueFood TEL2","ddd":0,"assets":[],"layers":[{"ddd":0,"ind":1,"ty":4,"nm":"Layer 27 Outlines","sr":1,"ks":{"o":{"a":0,"k":100,"ix":11},"r":{"a":1,"k":[{"i":{"x":[0.833],"y":[0.833]},"o":{"x":[0.167],"y":[0.167]},"t":0,"s":[-8]},{"i":{"x":[0.833],"y":[0.833]},"o":{"x":[0.167],"y":[0.167]},"t":30,"s":[13]},{"i":{"x":[0.833],"y":[0.833]},"o":{"x":[0.167],"y":[0.167]},"t":60,"s":[-8]},{"i":{"x":[0.833],"y":[0.833]},"o":{"x":[0.167],"y":[0.167]},"t":90,"s":[13]},{"i":{"x":[0.833],"y":[0.833]},"o":{"x":[0.167],"y":[0.167]},"t":120,"s":[-8]},{"i":{"x":[0.833],"y":[0.833]},"o":{"x":[0.167],"y":[0.167]},"t":150,"s":[13]},{"i":{"x":[0.833],"y":[0.833]},"o":{"x":[0.167],"y":[0.167]},"t":180,"s":[-8]},{"i":{"x":[0.833],"y":[0.833]},"o":{"x":[0.167],"y":[0.167]},"t":210,"s":[13]},{"i":{"x":[0.833],"y":[0.833]},"o":{"x":[0.167],"y":[0.167]},"t":240,"s":[-8]},{"i":{"x":[0.833],"y":[0.833]},"o":{"x":[0.167],"y":[0.167]},"t":270,"s":[13]},{"i":{"x":[0.833],"y":[0.833]},"o":{"x":[0.167],"y":[0.167]},"t":300,"s":[-8]},{"t":330.000013441176,"s":[13]}],"ix":10},"p":{"a":0,"k":[351.711,459.442,0],"ix":2,"l":2},"a":{"a":0,"k":[351.711,459.442,0],"ix":1,"l":2},"s":{"a":0,"k":[100,100,100],"ix":6,"l":2}},"ao":0,"shapes":[{"ty":"gr","it":[{"ind":0,"ty":"sh","ix":1,"ks":{"a":0,"k":{"i":[[10.846,0],[-0.191,-0.048],[-3.577,-7.287],[3.643,-3.127],[-0.248,0.067],[-2.401,-2.382],[-1.204,-2.116],[0.335,0.785],[0,0]],"o":[[-0.182,0],[8.139,2.477],[-2.602,-2.696],[-0.192,0.163],[3.156,-0.956],[1.625,1.813],[0.43,0.67],[0,0],[-0.727,-10.062]],"v":[[-10.425,-12.424],[-10.425,-12.118],[6.083,4.561],[-3.481,3.691],[-3.233,4.093],[4.696,5.844],[8.952,11.754],[10.281,11.151],[10.196,10.97]],"c":true},"ix":2},"nm":"Path 1","mn":"ADBE Vector Shape - Group","hd":false},{"ty":"fl","c":{"a":0,"k":[1,0.709803921569,0.588235294118,1],"ix":4},"o":{"a":0,"k":100,"ix":5},"r":1,"bm":0,"nm":"Fill 1","mn":"ADBE Vector Graphic - Fill","hd":false},{"ty":"tr","p":{"a":0,"k":[289.637,356.176],"ix":2},"a":{"a":0,"k":[0,0],"ix":1},"s":{"a":0,"k":[100,100],"ix":3},"r":{"a":0,"k":0,"ix":6},"o":{"a":0,"k":100,"ix":7},"sk":{"a":0,"k":0,"ix":4},"sa":{"a":0,"k":0,"ix":5},"nm":"Transform"}],"nm":"Group 1","np":2,"cix":2,"bm":0,"ix":1,"mn":"ADBE Vector Group","hd":false},{"ty":"gr","it":[{"ind":0,"ty":"sh","ix":1,"ks":{"a":0,"k":{"i":[[0,0],[9.066,-6.101],[-11.535,-3.166],[0,0]],"o":[[0,0],[-9.067,6.103],[11.535,3.166],[0,0]],"v":[[14.715,-4.305],[-10.956,-17.914],[5.303,20.85],[20.022,13.352]],"c":true},"ix":2},"nm":"Path 1","mn":"ADBE Vector Shape - Group","hd":false},{"ty":"fl","c":{"a":0,"k":[1,0.682352941176,0.627450980392,1],"ix":4},"o":{"a":0,"k":100,"ix":5},"r":1,"bm":0,"nm":"Fill 1","mn":"ADBE Vector Graphic - Fill","hd":false},{"ty":"tr","p":{"a":0,"k":[286.017,353.278],"ix":2},"a":{"a":0,"k":[0,0],"ix":1},"s":{"a":0,"k":[100,100],"ix":3},"r":{"a":0,"k":0,"ix":6},"o":{"a":0,"k":100,"ix":7},"sk":{"a":0,"k":0,"ix":4},"sa":{"a":0,"k":0,"ix":5},"nm":"Transform"}],"nm":"Group 2","np":2,"cix":2,"bm":0,"ix":2,"mn":"ADBE Vector Group","hd":false},{"ty":"gr","it":[{"ind":0,"ty":"sh","ix":1,"ks":{"a":0,"k":{"i":[[5.521,2.41],[-0.095,-0.076],[0.687,-6.867],[2.158,-3.574],[3.525,-2.236],[13.629,3.06],[-0.851,-0.2],[-10.827,16.412],[0.526,7.804]],"o":[[-0.095,0],[6.092,4.467],[-0.34,4.161],[-2.158,3.573],[-12.567,7.651],[-0.88,-0.201],[16.173,4.467],[4.344,-6.571],[-0.343,-5.318]],"v":[[22.192,-27.775],[22.087,-27.602],[27.398,-3.223],[23.604,8.537],[14.963,17.368],[-28.841,19.282],[-28.43,20.238],[24.049,11.363],[29.195,-11.591]],"c":true},"ix":2},"nm":"Path 1","mn":"ADBE Vector Shape - Group","hd":false},{"ty":"fl","c":{"a":0,"k":[0.058823533152,0.258823529412,0.231372563979,1],"ix":4},"o":{"a":0,"k":100,"ix":5},"r":1,"bm":0,"nm":"Fill 1","mn":"ADBE Vector Graphic - Fill","hd":false},{"ty":"tr","p":{"a":0,"k":[354.612,258.984],"ix":2},"a":{"a":0,"k":[0,0],"ix":1},"s":{"a":0,"k":[100,100],"ix":3},"r":{"a":0,"k":0,"ix":6},"o":{"a":0,"k":100,"ix":7},"sk":{"a":0,"k":0,"ix":4},"sa":{"a":0,"k":0,"ix":5},"nm":"Transform"}],"nm":"Group 3","np":2,"cix":2,"bm":0,"ix":3,"mn":"ADBE Vector Group","hd":false},{"ty":"gr","it":[{"ind":0,"ty":"sh","ix":1,"ks":{"a":0,"k":{"i":[[5.098,10.454],[-0.115,-0.297],[24.867,-1.712],[-0.698,-0.029],[-4.055,2.316],[-2.229,4.104]],"o":[[-0.134,-0.268],[7.518,19.54],[-0.727,0.048],[4.667,0.165],[4.055,-2.316],[6.055,-10.941]],"v":[[6.14,-23.137],[5.681,-22.974],[-14.184,22.121],[-14.098,23.24],[-0.756,19.948],[8.856,10.127]],"c":true},"ix":2},"nm":"Path 1","mn":"ADBE Vector Shape - Group","hd":false},{"ty":"fl","c":{"a":0,"k":[0.058823533152,0.258823529412,0.231372563979,1],"ix":4},"o":{"a":0,"k":100,"ix":5},"r":1,"bm":0,"nm":"Fill 1","mn":"ADBE Vector Graphic - Fill","hd":false},{"ty":"tr","p":{"a":0,"k":[312.955,295.396],"ix":2},"a":{"a":0,"k":[0,0],"ix":1},"s":{"a":0,"k":[100,100],"ix":3},"r":{"a":0,"k":0,"ix":6},"o":{"a":0,"k":100,"ix":7},"sk":{"a":0,"k":0,"ix":4},"sa":{"a":0,"k":0,"ix":5},"nm":"Transform"}],"nm":"Group 4","np":2,"cix":2,"bm":0,"ix":4,"mn":"ADBE Vector Group","hd":false},{"ty":"gr","it":[{"ind":0,"ty":"sh","ix":1,"ks":{"a":0,"k":{"i":[[-17.712,1.272],[0,0],[5.576,35.56],[-18.192,9.766],[5.479,1.425],[0,0],[7.049,-2.793],[0,0],[10.052,-13.151],[0,0],[-2.085,-12.262]],"o":[[15.179,-1.09],[0,0],[0,0],[18.192,-9.765],[-5.48,-1.426],[0,0],[-7.049,2.793],[0,0],[-7.651,9.995],[0,0],[2.085,12.261]],"v":[[-25.81,59.523],[-18.828,28.802],[-1.115,-9.034],[46.831,-12.477],[55.161,-57.801],[37.773,-47.482],[32.293,-58.002],[20.816,-48.113],[-46.679,-29.52],[-51.021,-6.394],[-62.938,13.835]],"c":true},"ix":2},"nm":"Path 1","mn":"ADBE Vector Shape - Group","hd":false},{"ty":"fl","c":{"a":0,"k":[0.058823533152,0.258823529412,0.231372563979,1],"ix":4},"o":{"a":0,"k":100,"ix":5},"r":1,"bm":0,"nm":"Fill 1","mn":"ADBE Vector Graphic - Fill","hd":false},{"ty":"tr","p":{"a":0,"k":[321.3,287.663],"ix":2},"a":{"a":0,"k":[0,0],"ix":1},"s":{"a":0,"k":[100,100],"ix":3},"r":{"a":0,"k":0,"ix":6},"o":{"a":0,"k":100,"ix":7},"sk":{"a":0,"k":0,"ix":4},"sa":{"a":0,"k":0,"ix":5},"nm":"Transform"}],"nm":"Group 5","np":2,"cix":2,"bm":0,"ix":5,"mn":"ADBE Vector Group","hd":false},{"ty":"gr","it":[{"ind":0,"ty":"sh","ix":1,"ks":{"a":0,"k":{"i":[[-0.316,-0.277],[-1.822,-0.732],[-1.962,0.06],[-1.639,0.511],[-0.309,0.13],[-0.316,0.134],[-0.116,0.197],[0.032,0.225],[0.059,0.131],[0,0],[0,0],[0.403,1.626],[6.484,12.615],[0.088,0.037],[0.091,-0.032],[0.045,-0.085],[-0.025,-0.093],[-3.202,-13.083],[1.644,-0.326],[-0.182,-1.425],[0.004,-0.054],[5.834,2.487]],"o":[[1.375,1.402],[1.822,0.733],[1.717,-0.028],[0.33,-0.073],[0.287,-0.105],[0.21,-0.087],[0.115,-0.197],[-0.021,-0.143],[0,0],[-0.574,-3.166],[1.272,0.335],[-3.651,-13.448],[-0.04,-0.087],[-0.088,-0.037],[-0.09,0.033],[-0.044,0.085],[2.993,13.064],[-2.017,-0.325],[-0.421,0.229],[0.004,0.054],[-5.156,1.779],[-0.412,-0.229]],"v":[[-11.654,21.878],[-6.806,25.115],[-1.067,26.135],[3.992,25.322],[4.949,25.016],[5.811,24.69],[6.312,24.253],[6.441,23.601],[6.319,23.189],[6.231,22.826],[4.318,14.935],[11.567,15.06],[-2.625,-25.961],[-2.825,-26.154],[-3.103,-26.162],[-3.312,-25.979],[-3.342,-25.703],[8.133,12.898],[1.143,12.266],[4.013,22.786],[4.013,22.95],[-11.29,21.477]],"c":true},"ix":2},"nm":"Path 1","mn":"ADBE Vector Shape - Group","hd":false},{"ty":"fl","c":{"a":0,"k":[0.850980451995,0.490196108351,0.545098039216,1],"ix":4},"o":{"a":0,"k":100,"ix":5},"r":1,"bm":0,"nm":"Fill 1","mn":"ADBE Vector Graphic - Fill","hd":false},{"ty":"tr","p":{"a":0,"k":[371.827,328.243],"ix":2},"a":{"a":0,"k":[0,0],"ix":1},"s":{"a":0,"k":[100,100],"ix":3},"r":{"a":0,"k":0,"ix":6},"o":{"a":0,"k":100,"ix":7},"sk":{"a":0,"k":0,"ix":4},"sa":{"a":0,"k":0,"ix":5},"nm":"Transform"}],"nm":"Group 6","np":2,"cix":2,"bm":0,"ix":6,"mn":"ADBE Vector Group","hd":false},{"ty":"gr","it":[{"ind":0,"ty":"sh","ix":1,"ks":{"a":0,"k":{"i":[[-5.949,1.617],[6.829,0.44],[0,0]],"o":[[0,0],[-5.136,-0.316],[0,0]],"v":[[6.939,-3.472],[-1.803,5.136],[-6.212,-5.576]],"c":true},"ix":2},"nm":"Path 1","mn":"ADBE Vector Shape - Group","hd":false},{"ty":"fl","c":{"a":0,"k":[1,1,1,1],"ix":4},"o":{"a":0,"k":100,"ix":5},"r":1,"bm":0,"nm":"Fill 1","mn":"ADBE Vector Graphic - Fill","hd":false},{"ty":"tr","p":{"a":0,"k":[366.691,355.229],"ix":2},"a":{"a":0,"k":[0,0],"ix":1},"s":{"a":0,"k":[100,100],"ix":3},"r":{"a":0,"k":0,"ix":6},"o":{"a":0,"k":100,"ix":7},"sk":{"a":0,"k":0,"ix":4},"sa":{"a":0,"k":0,"ix":5},"nm":"Transform"}],"nm":"Group 7","np":2,"cix":2,"bm":0,"ix":7,"mn":"ADBE Vector Group","hd":false},{"ty":"gr","it":[{"ind":0,"ty":"sh","ix":1,"ks":{"a":0,"k":{"i":[[2.498,-0.105],[1.839,0.189],[1.759,1.348],[0.101,0.62],[-0.298,0.554],[-2.554,-0.049],[-1.94,-1.703]],"o":[[-1.846,0.011],[-2.123,-0.124],[-0.455,-0.433],[-0.098,-0.62],[1.422,-2.295],[2.582,-0.036],[2.05,1.741]],"v":[[4.02,3.916],[-1.508,3.648],[-7.093,2.3],[-7.951,0.677],[-7.646,-1.134],[-1.028,-3.878],[5.999,-1.287]],"c":true},"ix":2},"nm":"Path 1","mn":"ADBE Vector Shape - Group","hd":false},{"ty":"fl","c":{"a":0,"k":[0.058823533152,0.258823529412,0.231372563979,1],"ix":4},"o":{"a":0,"k":100,"ix":5},"r":1,"bm":0,"nm":"Fill 1","mn":"ADBE Vector Graphic - Fill","hd":false},{"ty":"tr","p":{"a":0,"k":[382.281,303.233],"ix":2},"a":{"a":0,"k":[0,0],"ix":1},"s":{"a":0,"k":[100,100],"ix":3},"r":{"a":0,"k":0,"ix":6},"o":{"a":0,"k":100,"ix":7},"sk":{"a":0,"k":0,"ix":4},"sa":{"a":0,"k":0,"ix":5},"nm":"Transform"}],"nm":"Group 8","np":2,"cix":2,"bm":0,"ix":8,"mn":"ADBE Vector Group","hd":false},{"ty":"gr","it":[{"ind":0,"ty":"sh","ix":1,"ks":{"a":0,"k":{"i":[[-2.248,1.09],[-1.526,1.038],[-0.919,1.999],[0.209,0.595],[0.527,0.345],[2.229,-1.262],[0.892,-2.422]],"o":[[1.627,-0.873],[1.808,-1.119],[0.195,-0.599],[-0.209,-0.595],[-2.344,-1.339],[-2.29,1.19],[-0.975,2.487]],"v":[[-2.006,5.117],[2.728,2.248],[7.004,-1.578],[6.982,-3.419],[5.847,-4.868],[-1.279,-4.122],[-6.224,1.492]],"c":true},"ix":2},"nm":"Path 1","mn":"ADBE Vector Shape - Group","hd":false},{"ty":"fl","c":{"a":0,"k":[0.058823533152,0.258823529412,0.231372563979,1],"ix":4},"o":{"a":0,"k":100,"ix":5},"r":1,"bm":0,"nm":"Fill 1","mn":"ADBE Vector Graphic - Fill","hd":false},{"ty":"tr","p":{"a":0,"k":[343.098,312.419],"ix":2},"a":{"a":0,"k":[0,0],"ix":1},"s":{"a":0,"k":[100,100],"ix":3},"r":{"a":0,"k":0,"ix":6},"o":{"a":0,"k":100,"ix":7},"sk":{"a":0,"k":0,"ix":4},"sa":{"a":0,"k":0,"ix":5},"nm":"Transform"}],"nm":"Group 9","np":2,"cix":2,"bm":0,"ix":9,"mn":"ADBE Vector Group","hd":false},{"ty":"gr","it":[{"ind":0,"ty":"sh","ix":1,"ks":{"a":0,"k":{"i":[[-0.172,-0.115],[-1.511,0.229],[-1.242,0.924],[-0.03,-0.003],[-0.024,-0.019],[-0.008,-0.03],[0.009,-0.029],[0.831,-0.581],[1.012,-0.073],[0.803,1.598]],"o":[[1.186,0.755],[1.512,-0.337],[0.027,-0.015],[0.031,0.002],[0.024,0.02],[0.009,0.03],[-0.418,0.925],[-0.832,0.581],[-1.913,0.058],[-0.105,-0.267]],"v":[[-3.951,-1.53],[-0.001,0.154],[4.178,-1.758],[4.267,-1.778],[4.351,-1.744],[4.4,-1.667],[4.399,-1.578],[2.49,0.722],[-0.326,1.722],[-4.305,-1.224]],"c":true},"ix":2},"nm":"Path 1","mn":"ADBE Vector Shape - Group","hd":false},{"ty":"fl","c":{"a":0,"k":[0.850980451995,0.490196108351,0.545098039216,1],"ix":4},"o":{"a":0,"k":100,"ix":5},"r":1,"bm":0,"nm":"Fill 1","mn":"ADBE Vector Graphic - Fill","hd":false},{"ty":"tr","p":{"a":0,"k":[364.659,365.146],"ix":2},"a":{"a":0,"k":[0,0],"ix":1},"s":{"a":0,"k":[100,100],"ix":3},"r":{"a":0,"k":0,"ix":6},"o":{"a":0,"k":100,"ix":7},"sk":{"a":0,"k":0,"ix":4},"sa":{"a":0,"k":0,"ix":5},"nm":"Transform"}],"nm":"Group 10","np":2,"cix":2,"bm":0,"ix":10,"mn":"ADBE Vector Group","hd":false},{"ty":"gr","it":[{"ind":0,"ty":"sh","ix":1,"ks":{"a":0,"k":{"i":[[-5.423,1.569],[5.995,-1.731]],"o":[[6.478,-1.913],[-5.998,1.731]],"v":[[-2.162,-6.384],[1.59,6.566]],"c":true},"ix":2},"nm":"Path 1","mn":"ADBE Vector Shape - Group","hd":false},{"ty":"fl","c":{"a":0,"k":[0.058823533152,0.258823529412,0.231372563979,1],"ix":4},"o":{"a":0,"k":100,"ix":5},"r":1,"bm":0,"nm":"Fill 1","mn":"ADBE Vector Graphic - Fill","hd":false},{"ty":"tr","p":{"a":0,"k":[384.743,321.252],"ix":2},"a":{"a":0,"k":[0,0],"ix":1},"s":{"a":0,"k":[100,100],"ix":3},"r":{"a":0,"k":0,"ix":6},"o":{"a":0,"k":100,"ix":7},"sk":{"a":0,"k":0,"ix":4},"sa":{"a":0,"k":0,"ix":5},"nm":"Transform"}],"nm":"Group 11","np":2,"cix":2,"bm":0,"ix":11,"mn":"ADBE Vector Group","hd":false},{"ty":"gr","it":[{"ind":0,"ty":"sh","ix":1,"ks":{"a":0,"k":{"i":[[0.021,4.017],[-0.028,-0.172],[-3.987,-0.584],[0.154,-0.01]],"o":[[0,-0.163],[0.728,4.113],[0.126,0],[-4.639,0.306]],"v":[[-3.386,-4.988],[-3.004,-4.691],[3.232,4.605],[3.232,4.845]],"c":true},"ix":2},"nm":"Path 1","mn":"ADBE Vector Shape - Group","hd":false},{"ty":"fl","c":{"a":0,"k":[0.058823533152,0.258823529412,0.231372563979,1],"ix":4},"o":{"a":0,"k":100,"ix":5},"r":1,"bm":0,"nm":"Fill 1","mn":"ADBE Vector Graphic - Fill","hd":false},{"ty":"tr","p":{"a":0,"k":[383.213,324.886],"ix":2},"a":{"a":0,"k":[0,0],"ix":1},"s":{"a":0,"k":[100,100],"ix":3},"r":{"a":0,"k":0,"ix":6},"o":{"a":0,"k":100,"ix":7},"sk":{"a":0,"k":0,"ix":4},"sa":{"a":0,"k":0,"ix":5},"nm":"Transform"}],"nm":"Group 12","np":2,"cix":2,"bm":0,"ix":12,"mn":"ADBE Vector Group","hd":false},{"ty":"gr","it":[{"ind":0,"ty":"sh","ix":1,"ks":{"a":0,"k":{"i":[[5.528,-0.947],[-6.16,1.052]],"o":[[-6.647,1.138],[6.159,-1.052]],"v":[[-0.889,-6.7],[1.378,6.594]],"c":true},"ix":2},"nm":"Path 1","mn":"ADBE Vector Shape - Group","hd":false},{"ty":"fl","c":{"a":0,"k":[0.058823533152,0.258823529412,0.231372563979,1],"ix":4},"o":{"a":0,"k":100,"ix":5},"r":1,"bm":0,"nm":"Fill 1","mn":"ADBE Vector Graphic - Fill","hd":false},{"ty":"tr","p":{"a":0,"k":[348.486,329.181],"ix":2},"a":{"a":0,"k":[0,0],"ix":1},"s":{"a":0,"k":[100,100],"ix":3},"r":{"a":0,"k":0,"ix":6},"o":{"a":0,"k":100,"ix":7},"sk":{"a":0,"k":0,"ix":4},"sa":{"a":0,"k":0,"ix":5},"nm":"Transform"}],"nm":"Group 13","np":2,"cix":2,"bm":0,"ix":13,"mn":"ADBE Vector Group","hd":false},{"ty":"gr","it":[{"ind":0,"ty":"sh","ix":1,"ks":{"a":0,"k":{"i":[[1.722,3.587],[-0.048,-0.163],[3.328,-2.267],[-0.134,0.048]],"o":[[-0.067,-0.153],[1.138,4.026],[-0.105,0.067],[4.323,-1.75]],"v":[[-0.373,-5.815],[-0.593,-5.384],[-2.152,5.701],[-2.066,5.92]],"c":true},"ix":2},"nm":"Path 1","mn":"ADBE Vector Shape - Group","hd":false},{"ty":"fl","c":{"a":0,"k":[0.058823533152,0.258823529412,0.231372563979,1],"ix":4},"o":{"a":0,"k":100,"ix":5},"r":1,"bm":0,"nm":"Fill 1","mn":"ADBE Vector Graphic - Fill","hd":false},{"ty":"tr","p":{"a":0,"k":[352.607,331.634],"ix":2},"a":{"a":0,"k":[0,0],"ix":1},"s":{"a":0,"k":[100,100],"ix":3},"r":{"a":0,"k":0,"ix":6},"o":{"a":0,"k":100,"ix":7},"sk":{"a":0,"k":0,"ix":4},"sa":{"a":0,"k":0,"ix":5},"nm":"Transform"}],"nm":"Group 14","np":2,"cix":2,"bm":0,"ix":14,"mn":"ADBE Vector Group","hd":false},{"ty":"gr","it":[{"ind":0,"ty":"sh","ix":1,"ks":{"a":0,"k":{"i":[[8.512,-32.958],[-22.639,-18.172],[-19.778,12.135],[-2.908,10.415],[17.407,9.067]],"o":[[-6.963,26.952],[15.504,12.435],[8.99,-5.509],[9.315,-33.236],[-30.663,-15.982]],"v":[[-60.866,-35.623],[-24.933,70.722],[39.577,70.846],[58.513,46.936],[25.04,-67.175]],"c":true},"ix":2},"nm":"Path 1","mn":"ADBE Vector Shape - Group","hd":false},{"ty":"fl","c":{"a":0,"k":[1,0.709803921569,0.588235294118,1],"ix":4},"o":{"a":0,"k":100,"ix":5},"r":1,"bm":0,"nm":"Fill 1","mn":"ADBE Vector Graphic - Fill","hd":false},{"ty":"tr","p":{"a":0,"k":[339.829,320.125],"ix":2},"a":{"a":0,"k":[0,0],"ix":1},"s":{"a":0,"k":[100,100],"ix":3},"r":{"a":0,"k":0,"ix":6},"o":{"a":0,"k":100,"ix":7},"sk":{"a":0,"k":0,"ix":4},"sa":{"a":0,"k":0,"ix":5},"nm":"Transform"}],"nm":"Group 15","np":2,"cix":2,"bm":0,"ix":15,"mn":"ADBE Vector Group","hd":false},{"ty":"gr","it":[{"ind":0,"ty":"sh","ix":1,"ks":{"a":0,"k":{"i":[[32.91,-10.53],[0,0]],"o":[[0,0],[0,0]],"v":[[-16.455,-18.646],[9.493,29.176]],"c":true},"ix":2},"nm":"Path 1","mn":"ADBE Vector Shape - Group","hd":false},{"ty":"fl","c":{"a":0,"k":[0.058823533152,0.258823529412,0.231372563979,1],"ix":4},"o":{"a":0,"k":100,"ix":5},"r":1,"bm":0,"nm":"Fill 1","mn":"ADBE Vector Graphic - Fill","hd":false},{"ty":"tr","p":{"a":0,"k":[383.275,275.497],"ix":2},"a":{"a":0,"k":[0,0],"ix":1},"s":{"a":0,"k":[100,100],"ix":3},"r":{"a":0,"k":0,"ix":6},"o":{"a":0,"k":100,"ix":7},"sk":{"a":0,"k":0,"ix":4},"sa":{"a":0,"k":0,"ix":5},"nm":"Transform"}],"nm":"Group 16","np":2,"cix":2,"bm":0,"ix":16,"mn":"ADBE Vector Group","hd":false},{"ty":"gr","it":[{"ind":0,"ty":"sh","ix":1,"ks":{"a":0,"k":{"i":[[0,0],[0,0],[0,0],[16.674,9.354],[5.679,5.027],[0,0],[0,0]],"o":[[0,0],[0,0],[-19.118,0.116],[-6.622,-3.699],[-3.462,-18.048],[0,0],[0,0]],"v":[[33.8,-25.116],[39.835,31.094],[39.835,31.178],[-14.777,17.081],[-33.283,3.951],[-39.835,-31.294],[-31.619,-30.596]],"c":true},"ix":2},"nm":"Path 1","mn":"ADBE Vector Shape - Group","hd":false},{"ty":"fl","c":{"a":0,"k":[0.850980451995,0.490196108351,0.545098039216,1],"ix":4},"o":{"a":0,"k":100,"ix":5},"r":1,"bm":0,"nm":"Fill 1","mn":"ADBE Vector Graphic - Fill","hd":false},{"ty":"tr","p":{"a":0,"k":[332.628,390.177],"ix":2},"a":{"a":0,"k":[0,0],"ix":1},"s":{"a":0,"k":[100,100],"ix":3},"r":{"a":0,"k":0,"ix":6},"o":{"a":0,"k":100,"ix":7},"sk":{"a":0,"k":0,"ix":4},"sa":{"a":0,"k":0,"ix":5},"nm":"Transform"}],"nm":"Group 17","np":2,"cix":2,"bm":0,"ix":17,"mn":"ADBE Vector Group","hd":false},{"ty":"gr","it":[{"ind":0,"ty":"sh","ix":1,"ks":{"a":0,"k":{"i":[[0,0],[0,0],[0,0],[0,0],[16.423,-5.623],[2.678,3.885],[3.634,18.889],[0,0],[0,0]],"o":[[0,0],[0,0],[0,0],[0,0],[-27.984,9.613],[-1.367,-1.99],[-3.462,-18.047],[0,0],[0,0]],"v":[[29.314,-46.717],[35.349,9.493],[35.349,9.577],[36.2,17.478],[27.898,43.301],[-28.722,23.072],[-37.769,-17.671],[-44.321,-52.915],[-36.105,-52.217]],"c":true},"ix":2},"nm":"Path 1","mn":"ADBE Vector Shape - Group","hd":false},{"ty":"fl","c":{"a":0,"k":[1,0.709803921569,0.588235294118,1],"ix":4},"o":{"a":0,"k":100,"ix":5},"r":1,"bm":0,"nm":"Fill 1","mn":"ADBE Vector Graphic - Fill","hd":false},{"ty":"tr","p":{"a":0,"k":[337.114,411.777],"ix":2},"a":{"a":0,"k":[0,0],"ix":1},"s":{"a":0,"k":[100,100],"ix":3},"r":{"a":0,"k":0,"ix":6},"o":{"a":0,"k":100,"ix":7},"sk":{"a":0,"k":0,"ix":4},"sa":{"a":0,"k":0,"ix":5},"nm":"Transform"}],"nm":"Group 18","np":2,"cix":2,"bm":0,"ix":18,"mn":"ADBE Vector Group","hd":false}],"ip":0,"op":300.00001221925,"st":0,"bm":0},{"ddd":0,"ind":2,"ty":4,"nm":"Layer 28 Outlines","sr":1,"ks":{"o":{"a":0,"k":100,"ix":11},"r":{"a":0,"k":0,"ix":10},"p":{"a":0,"k":[500,500,0],"ix":2,"l":2},"a":{"a":0,"k":[500,500,0],"ix":1,"l":2},"s":{"a":0,"k":[100,100,100],"ix":6,"l":2}},"ao":0,"shapes":[{"ty":"gr","it":[{"ind":0,"ty":"sh","ix":1,"ks":{"a":0,"k":{"i":[[0,0],[0,-4.33],[0,0],[0,0],[0,0],[-1.64,0],[0,0],[0,0]],"o":[[-4.31,0],[0,0],[0,0],[0,0],[0,-1.63],[0,0],[0,0],[0,0]],"v":[[-9.105,-7.205],[-16.915,0.615],[-16.915,11.685],[-11.285,11.685],[-11.285,0.896],[-8.335,-2.045],[-5.045,-2.045],[-5.045,-7.205]],"c":true},"ix":2},"nm":"Path 1","mn":"ADBE Vector Shape - Group","hd":false},{"ind":1,"ty":"sh","ix":2,"ks":{"a":0,"k":{"i":[[0,0],[-2.01,0],[-0.03,-1.77]],"o":[[0.06,-1.75],[2.04,0],[0,0]],"v":[[20.005,0.146],[23.695,-3.034],[27.395,0.146]],"c":true},"ix":2},"nm":"Path 2","mn":"ADBE Vector Shape - Group","hd":false},{"ind":2,"ty":"sh","ix":3,"ks":{"a":0,"k":{"i":[[0,0.28],[5.89,0],[0,-5.63],[-5.47,-0.11],[-1.59,2.92],[0,0],[1.36,0],[0.05,1.73],[0,0]],"o":[[-0.04,-5.831],[-5.05,0],[0,6.071],[3.55,0],[0,0],[-0.62,0.93],[-2,0],[0,0],[0.01,-0.28]],"v":[[32.785,2.856],[23.695,-7.555],[14.555,2.154],[23.735,11.925],[31.975,7.006],[26.855,5.666],[23.695,7.246],[20.035,4.086],[32.785,4.086]],"c":true},"ix":2},"nm":"Path 3","mn":"ADBE Vector Shape - Group","hd":false},{"ind":3,"ty":"sh","ix":4,"ks":{"a":0,"k":{"i":[[0,0],[1.63,0],[0,1.609],[0,0],[1.51,0],[0,0],[0,0],[-6.02,0],[0,4.76],[0,0],[0,0],[0,0]],"o":[[0,1.609],[-1.63,0],[0,0],[0,-1.5],[0,0],[0,0],[0,4.76],[6.01,0],[0,0],[0,0],[0,0],[0,0]],"v":[[7.805,4.045],[4.855,6.985],[1.925,4.045],[1.925,-4.555],[-0.795,-7.205],[-3.725,-7.205],[-3.725,3.305],[4.865,11.914],[13.445,3.305],[13.445,-7.205],[7.815,-7.205],[7.815,4.045]],"c":true},"ix":2},"nm":"Path 4","mn":"ADBE Vector Shape - Group","hd":false},{"ind":4,"ty":"sh","ix":5,"ks":{"a":0,"k":{"i":[[0,0],[0,0],[0,0],[0,0],[0,0],[0,0],[0,0],[-4.74,0],[0,0],[0,0],[0,0],[0,1.62],[0,0],[0,0],[0,1.47],[0,0],[0,0],[0,0]],"o":[[0,0],[0,0],[0,0],[0,0],[0,0],[0,0],[0,4.739],[0,0],[0,0],[0,0],[-1.62,0],[0,0],[0,0],[1.43,-0.061],[0,0],[0,0],[0,0],[0,0]],"v":[[-24.515,-11.925],[-30.145,-11.925],[-30.145,-7.205],[-32.795,-7.205],[-32.795,-2.114],[-30.145,-2.114],[-30.145,3.925],[-21.565,11.695],[-18.245,11.695],[-18.245,6.756],[-21.585,6.756],[-24.525,3.825],[-24.525,-2.104],[-20.825,-2.114],[-18.245,-4.825],[-18.245,-7.195],[-24.525,-7.195],[-24.525,-11.925]],"c":true},"ix":2},"nm":"Path 5","mn":"ADBE Vector Shape - Group","hd":false},{"ty":"mm","mm":1,"nm":"Merge Paths 1","mn":"ADBE Vector Filter - Merge","hd":false},{"ty":"fl","c":{"a":0,"k":[1,1,1,1],"ix":4},"o":{"a":0,"k":100,"ix":5},"r":1,"bm":0,"nm":"Fill 1","mn":"ADBE Vector Graphic - Fill","hd":false},{"ty":"tr","p":{"a":0,"k":[366.101,537.13],"ix":2},"a":{"a":0,"k":[0,0],"ix":1},"s":{"a":0,"k":[100,100],"ix":3},"r":{"a":0,"k":0,"ix":6},"o":{"a":0,"k":100,"ix":7},"sk":{"a":0,"k":0,"ix":4},"sa":{"a":0,"k":0,"ix":5},"nm":"Transform"}],"nm":"Group 1","np":7,"cix":2,"bm":0,"ix":1,"mn":"ADBE Vector Group","hd":false},{"ty":"gr","it":[{"ind":0,"ty":"sh","ix":1,"ks":{"a":0,"k":{"i":[[0.36,-1.99],[1.61,-1.96],[2.33,0.41],[0.59,1.28],[-0.36,2.01],[-1.63,2.04],[-2.26,-0.4],[-0.6,-1.28]],"o":[[-0.5,2.82],[-1.76,2.2],[-1.76,-0.31],[-0.59,-1.28],[0.48,-2.7],[1.85,-2.21],[1.74,0.31],[0.59,1.28]],"v":[[2.515,10.53],[-0.655,17.7],[-6.875,20.72],[-10.325,17.99],[-10.675,13.05],[-7.515,5.95],[-1.345,3.24],[2.165,5.63]],"c":true},"ix":2},"nm":"Path 1","mn":"ADBE Vector Shape - Group","hd":false},{"ind":1,"ty":"sh","ix":2,"ks":{"a":0,"k":{"i":[[-5.47,6.35],[3.95,0.98],[0,0],[1.23,-3.219],[0.29,-1],[0.47,-0.76],[0.99,-0.11],[1.69,-4.7],[-7.43,-2.7],[0,0],[-2.57,1.95],[-0.85,2.35],[3.61,3.68],[-0.13,0.88]],"o":[[0.81,-0.941],[0,0],[-3.18,-0.87],[-0.54,1.411],[-0.35,1.201],[-0.46,0.76],[-5.13,0.54],[-1.69,4.7],[0,0],[3.72,1.32],[2.56,-1.95],[1.69,-4.7],[-0.71,-0.71],[0.11,-0.89]],"v":[[13.465,-19.8],[11.145,-25.48],[11.075,-25.51],[4.985,-20.741],[3.365,-15.741],[-0.735,-1.58],[-2.315,-0.37],[-13.405,8.79],[-7.605,25.03],[-7.535,25.06],[2.035,23.4],[7.285,16.23],[4.585,2.11],[4.135,0.17]],"c":true},"ix":2},"nm":"Path 2","mn":"ADBE Vector Shape - Group","hd":false},{"ty":"mm","mm":1,"nm":"Merge Paths 1","mn":"ADBE Vector Filter - Merge","hd":false},{"ty":"fl","c":{"a":0,"k":[1,1,1,1],"ix":4},"o":{"a":0,"k":100,"ix":5},"r":1,"bm":0,"nm":"Fill 1","mn":"ADBE Vector Graphic - Fill","hd":false},{"ty":"tr","p":{"a":0,"k":[404.981,557.826],"ix":2},"a":{"a":0,"k":[0,0],"ix":1},"s":{"a":0,"k":[100,100],"ix":3},"r":{"a":0,"k":0,"ix":6},"o":{"a":0,"k":100,"ix":7},"sk":{"a":0,"k":0,"ix":4},"sa":{"a":0,"k":0,"ix":5},"nm":"Transform"}],"nm":"Group 2","np":4,"cix":2,"bm":0,"ix":2,"mn":"ADBE Vector Group","hd":false},{"ty":"gr","it":[{"ind":0,"ty":"sh","ix":1,"ks":{"a":0,"k":{"i":[[1.35,-2.12],[2.58,0],[0.89,1.11],[0,1.96],[-1.36,2.179],[-2.51,0],[-0.88,-1.101],[0,-1.93]],"o":[[-1.47,2.369],[-1.95,0],[-0.88,-1.1],[0,-2.62],[1.56,-2.39],[1.93,0],[0.88,1.1],[0,2.74]],"v":[[4.815,5.05],[-1.255,8.6],[-5.515,6.94],[-6.845,2.35],[-4.805,-4.85],[1.295,-8.43],[5.515,-6.78],[6.845,-2.23]],"c":true},"ix":2},"nm":"Path 1","mn":"ADBE Vector Shape - Group","hd":false},{"ind":1,"ty":"sh","ix":2,"ks":{"a":0,"k":{"i":[[1.85,1.75],[3.31,0],[2.64,-2.919],[0,-4.061],[-1.81,-1.76],[-3.4,0],[-2.52,2.83],[0,4.391]],"o":[[-1.85,-1.75],[-4,0],[-2.55,2.891],[0,3.399],[1.81,1.761],[4.23,0],[2.41,-2.71],[0.02,-3.38]],"v":[[9.375,-9.98],[1.635,-12.6],[-8.325,-8.221],[-12.155,2.22],[-9.435,9.959],[-1.615,12.6],[8.515,8.36],[12.135,-2.291]],"c":true},"ix":2},"nm":"Path 2","mn":"ADBE Vector Shape - Group","hd":false},{"ty":"mm","mm":1,"nm":"Merge Paths 1","mn":"ADBE Vector Filter - Merge","hd":false},{"ty":"fl","c":{"a":0,"k":[1,1,1,1],"ix":4},"o":{"a":0,"k":100,"ix":5},"r":1,"bm":0,"nm":"Fill 1","mn":"ADBE Vector Graphic - Fill","hd":false},{"ty":"tr","p":{"a":0,"k":[373.891,570.876],"ix":2},"a":{"a":0,"k":[0,0],"ix":1},"s":{"a":0,"k":[100,100],"ix":3},"r":{"a":0,"k":0,"ix":6},"o":{"a":0,"k":100,"ix":7},"sk":{"a":0,"k":0,"ix":4},"sa":{"a":0,"k":0,"ix":5},"nm":"Transform"}],"nm":"Group 3","np":4,"cix":2,"bm":0,"ix":3,"mn":"ADBE Vector Group","hd":false},{"ty":"gr","it":[{"ind":0,"ty":"sh","ix":1,"ks":{"a":0,"k":{"i":[[1.93,0],[1.56,-2.38],[0,-2.62],[-0.89,-1.1],[-1.96,0],[-1.47,2.37],[0,2.73],[0.89,1.1]],"o":[[-2.5,0],[-1.36,2.18],[0,1.96],[0.88,1.1],[2.57,0],[1.36,-2.11],[0,-1.929],[-0.89,-1.1]],"v":[[1.28,-8.43],[-4.82,-4.85],[-6.85,2.35],[-5.52,6.93],[-1.26,8.591],[4.81,5.04],[6.84,-2.23],[5.51,-6.78]],"c":true},"ix":2},"nm":"Path 1","mn":"ADBE Vector Shape - Group","hd":false},{"ind":1,"ty":"sh","ix":2,"ks":{"a":0,"k":{"i":[[4.22,0],[1.81,1.76],[0,3.4],[-2.55,2.891],[-4,0],[-1.85,-1.75],[0,-3.38],[2.41,-2.71]],"o":[[-3.4,0],[-1.81,-1.76],[0,-4.07],[2.64,-2.92],[3.31,0],[1.85,1.75],[0,4.39],[-2.54,2.82]],"v":[[-1.61,12.6],[-9.43,9.96],[-12.15,2.22],[-8.32,-8.22],[1.64,-12.6],[9.38,-9.98],[12.15,-2.29],[8.53,8.36]],"c":true},"ix":2},"nm":"Path 2","mn":"ADBE Vector Shape - Group","hd":false},{"ty":"mm","mm":1,"nm":"Merge Paths 1","mn":"ADBE Vector Filter - Merge","hd":false},{"ty":"fl","c":{"a":0,"k":[1,1,1,1],"ix":4},"o":{"a":0,"k":100,"ix":5},"r":1,"bm":0,"nm":"Fill 1","mn":"ADBE Vector Graphic - Fill","hd":false},{"ty":"tr","p":{"a":0,"k":[346.296,570.875],"ix":2},"a":{"a":0,"k":[0,0],"ix":1},"s":{"a":0,"k":[100,100],"ix":3},"r":{"a":0,"k":0,"ix":6},"o":{"a":0,"k":100,"ix":7},"sk":{"a":0,"k":0,"ix":4},"sa":{"a":0,"k":0,"ix":5},"nm":"Transform"}],"nm":"Group 4","np":4,"cix":2,"bm":0,"ix":4,"mn":"ADBE Vector Group","hd":false},{"ty":"gr","it":[{"ind":0,"ty":"sh","ix":1,"ks":{"a":0,"k":{"i":[[0,0],[0,0],[0,0],[0,0],[0,0],[-0.35,1.111],[-0.39,0.53],[-2.92,-0.18],[-0.63,-0.08],[-0.69,-0.18],[0,0],[0,0],[1.5,-0.3],[0.19,-0.63],[0,0],[0,0],[0,0],[0,0],[0,0],[0,0]],"o":[[0,0],[0,0],[0,0],[0,0],[0.37,-1.75],[0.36,-1.099],[1.68,-2.33],[0.71,0.04],[0.63,0.081],[0,0],[0,0],[-1.69,-0.2],[-1.68,0.34],[0,0],[0,0],[0,0],[0,0],[0,0],[0,0],[0,0]],"v":[[-10.11,16.805],[-6.34,-0.924],[-9.32,-0.924],[-8.49,-4.855],[-5.58,-4.855],[-4.03,-11.535],[-2.91,-13.985],[6.17,-16.625],[8.19,-16.505],[10.11,-16.155],[9.18,-12.085],[7.22,-12.465],[3.53,-12.445],[0.98,-10.345],[-0.26,-4.865],[7.24,-4.865],[6.45,-0.935],[-1.05,-0.935],[-4.82,16.795],[-10.11,16.795]],"c":true},"ix":2},"nm":"Path 1","mn":"ADBE Vector Shape - Group","hd":false},{"ty":"fl","c":{"a":0,"k":[1,1,1,1],"ix":4},"o":{"a":0,"k":100,"ix":5},"r":1,"bm":0,"nm":"Fill 1","mn":"ADBE Vector Graphic - Fill","hd":false},{"ty":"tr","p":{"a":0,"k":[324.346,566.18],"ix":2},"a":{"a":0,"k":[0,0],"ix":1},"s":{"a":0,"k":[100,100],"ix":3},"r":{"a":0,"k":0,"ix":6},"o":{"a":0,"k":100,"ix":7},"sk":{"a":0,"k":0,"ix":4},"sa":{"a":0,"k":0,"ix":5},"nm":"Transform"}],"nm":"Group 5","np":2,"cix":2,"bm":0,"ix":5,"mn":"ADBE Vector Group","hd":false}],"ip":0,"op":300.00001221925,"st":0,"bm":0},{"ddd":0,"ind":3,"ty":4,"nm":"Layer 29 Outlines","sr":1,"ks":{"o":{"a":0,"k":100,"ix":11},"r":{"a":0,"k":0,"ix":10},"p":{"a":0,"k":[716.73,753.485,0],"ix":2,"l":2},"a":{"a":0,"k":[716.73,753.485,0],"ix":1,"l":2},"s":{"a":1,"k":[{"i":{"x":[0.833,0.833,0.833],"y":[0.833,0.833,0.833]},"o":{"x":[0.167,0.167,0.167],"y":[0.167,0.167,0.167]},"t":0,"s":[61,61,100]},{"i":{"x":[0.833,0.833,0.833],"y":[0.833,0.833,0.833]},"o":{"x":[0.167,0.167,0.167],"y":[0.167,0.167,0.167]},"t":30,"s":[109,109,100]},{"i":{"x":[0.833,0.833,0.833],"y":[0.833,0.833,0.833]},"o":{"x":[0.167,0.167,0.167],"y":[0.167,0.167,0.167]},"t":60,"s":[61,61,100]},{"i":{"x":[0.833,0.833,0.833],"y":[0.833,0.833,0.833]},"o":{"x":[0.167,0.167,0.167],"y":[0.167,0.167,0.167]},"t":90,"s":[109,109,100]},{"i":{"x":[0.833,0.833,0.833],"y":[0.833,0.833,0.833]},"o":{"x":[0.167,0.167,0.167],"y":[0.167,0.167,0.167]},"t":120,"s":[61,61,100]},{"i":{"x":[0.833,0.833,0.833],"y":[0.833,0.833,0.833]},"o":{"x":[0.167,0.167,0.167],"y":[0.167,0.167,0.167]},"t":150,"s":[109,109,100]},{"i":{"x":[0.833,0.833,0.833],"y":[0.833,0.833,0.833]},"o":{"x":[0.167,0.167,0.167],"y":[0.167,0.167,0.167]},"t":180,"s":[61,61,100]},{"i":{"x":[0.833,0.833,0.833],"y":[0.833,0.833,0.833]},"o":{"x":[0.167,0.167,0.167],"y":[0.167,0.167,0.167]},"t":210,"s":[109,109,100]},{"i":{"x":[0.833,0.833,0.833],"y":[0.833,0.833,0.833]},"o":{"x":[0.167,0.167,0.167],"y":[0.167,0.167,0.167]},"t":240,"s":[61,61,100]},{"i":{"x":[0.833,0.833,0.833],"y":[0.833,0.833,0.833]},"o":{"x":[0.167,0.167,0.167],"y":[0.167,0.167,0.167]},"t":270,"s":[109,109,100]},{"i":{"x":[0.833,0.833,0.833],"y":[0.833,0.833,0.833]},"o":{"x":[0.167,0.167,0.167],"y":[0.167,0.167,0.167]},"t":300,"s":[61,61,100]},{"t":330.000013441176,"s":[109,109,100]}],"ix":6,"l":2}},"ao":0,"shapes":[{"ty":"gr","it":[{"ind":0,"ty":"sh","ix":1,"ks":{"a":0,"k":{"i":[[0,0],[-13.65,25.844],[-10.033,2.719],[-53.356,9.097],[1.591,-19.002],[0,0],[18.757,-34.575]],"o":[[0,0],[0,0],[0,0],[0,0],[0,0],[0,0],[0,0]],"v":[[-38.915,45.244],[-49.656,-3.162],[-34.432,5.445],[5.192,-45.244],[32.929,-3.162],[46.666,-20.893],[44.549,45.244]],"c":true},"ix":2},"nm":"Path 1","mn":"ADBE Vector Shape - Group","hd":false},{"ty":"fl","c":{"a":0,"k":[1,0.764705942191,0.400000029919,1],"ix":4},"o":{"a":0,"k":100,"ix":5},"r":1,"bm":0,"nm":"Fill 1","mn":"ADBE Vector Graphic - Fill","hd":false},{"ty":"tr","p":{"a":0,"k":[716.526,718.128],"ix":2},"a":{"a":0,"k":[0,0],"ix":1},"s":{"a":0,"k":[100,100],"ix":3},"r":{"a":0,"k":0,"ix":6},"o":{"a":0,"k":100,"ix":7},"sk":{"a":0,"k":0,"ix":4},"sa":{"a":0,"k":0,"ix":5},"nm":"Transform"}],"nm":"Group 1","np":2,"cix":2,"bm":0,"ix":1,"mn":"ADBE Vector Group","hd":false}],"ip":0,"op":300.00001221925,"st":0,"bm":0},{"ddd":0,"ind":4,"ty":4,"nm":"Layer 30 Outlines","sr":1,"ks":{"o":{"a":0,"k":100,"ix":11},"r":{"a":0,"k":0,"ix":10},"p":{"a":0,"k":[714.195,753.485,0],"ix":2,"l":2},"a":{"a":0,"k":[714.195,753.485,0],"ix":1,"l":2},"s":{"a":1,"k":[{"i":{"x":[0.833,0.833,0.833],"y":[0.833,0.833,0.833]},"o":{"x":[0.167,0.167,0.167],"y":[0.167,0.167,0.167]},"t":0,"s":[62,62,100]},{"i":{"x":[0.833,0.833,0.833],"y":[0.833,0.833,0.833]},"o":{"x":[0.167,0.167,0.167],"y":[0.167,0.167,0.167]},"t":30,"s":[107,107,100]},{"i":{"x":[0.833,0.833,0.833],"y":[0.833,0.833,0.833]},"o":{"x":[0.167,0.167,0.167],"y":[0.167,0.167,0.167]},"t":60,"s":[62,62,100]},{"i":{"x":[0.833,0.833,0.833],"y":[0.833,0.833,0.833]},"o":{"x":[0.167,0.167,0.167],"y":[0.167,0.167,0.167]},"t":90,"s":[107,107,100]},{"i":{"x":[0.833,0.833,0.833],"y":[0.833,0.833,0.833]},"o":{"x":[0.167,0.167,0.167],"y":[0.167,0.167,0.167]},"t":120,"s":[62,62,100]},{"i":{"x":[0.833,0.833,0.833],"y":[0.833,0.833,0.833]},"o":{"x":[0.167,0.167,0.167],"y":[0.167,0.167,0.167]},"t":150,"s":[107,107,100]},{"i":{"x":[0.833,0.833,0.833],"y":[0.833,0.833,0.833]},"o":{"x":[0.167,0.167,0.167],"y":[0.167,0.167,0.167]},"t":180,"s":[62,62,100]},{"i":{"x":[0.833,0.833,0.833],"y":[0.833,0.833,0.833]},"o":{"x":[0.167,0.167,0.167],"y":[0.167,0.167,0.167]},"t":210,"s":[107,107,100]},{"i":{"x":[0.833,0.833,0.833],"y":[0.833,0.833,0.833]},"o":{"x":[0.167,0.167,0.167],"y":[0.167,0.167,0.167]},"t":240,"s":[62,62,100]},{"i":{"x":[0.833,0.833,0.833],"y":[0.833,0.833,0.833]},"o":{"x":[0.167,0.167,0.167],"y":[0.167,0.167,0.167]},"t":270,"s":[107,107,100]},{"i":{"x":[0.833,0.833,0.833],"y":[0.833,0.833,0.833]},"o":{"x":[0.167,0.167,0.167],"y":[0.167,0.167,0.167]},"t":300,"s":[62,62,100]},{"t":330.000013441176,"s":[107,107,100]}],"ix":6,"l":2}},"ao":0,"shapes":[{"ty":"gr","it":[{"ind":0,"ty":"sh","ix":1,"ks":{"a":0,"k":{"i":[[0,0],[-21.566,40.868],[-15.86,4.324],[-84.308,14.385],[2.504,-30.051],[0,0],[29.628,-54.652]],"o":[[0,0],[0,0],[0,0],[0,0],[0,0],[0,0],[0,0]],"v":[[-61.488,71.518],[-78.456,-4.997],[-54.401,8.582],[8.205,-71.518],[52.029,-4.997],[73.732,-33.012],[70.393,71.479]],"c":true},"ix":2},"nm":"Path 1","mn":"ADBE Vector Shape - Group","hd":false},{"ty":"fl","c":{"a":0,"k":[1,0.282352941176,0.435294147566,1],"ix":4},"o":{"a":0,"k":100,"ix":5},"r":1,"bm":0,"nm":"Fill 1","mn":"ADBE Vector Graphic - Fill","hd":false},{"ty":"tr","p":{"a":0,"k":[712.031,696.724],"ix":2},"a":{"a":0,"k":[0,0],"ix":1},"s":{"a":0,"k":[100,100],"ix":3},"r":{"a":0,"k":0,"ix":6},"o":{"a":0,"k":100,"ix":7},"sk":{"a":0,"k":0,"ix":4},"sa":{"a":0,"k":0,"ix":5},"nm":"Transform"}],"nm":"Group 1","np":2,"cix":2,"bm":0,"ix":1,"mn":"ADBE Vector Group","hd":false}],"ip":0,"op":300.00001221925,"st":0,"bm":0},{"ddd":0,"ind":5,"ty":4,"nm":"Layer 31 Outlines","sr":1,"ks":{"o":{"a":0,"k":100,"ix":11},"r":{"a":0,"k":0,"ix":10},"p":{"a":0,"k":[500,500,0],"ix":2,"l":2},"a":{"a":0,"k":[500,500,0],"ix":1,"l":2},"s":{"a":0,"k":[100,100,100],"ix":6,"l":2}},"ao":0,"shapes":[{"ty":"gr","it":[{"ind":0,"ty":"sh","ix":1,"ks":{"a":0,"k":{"i":[[0.176,0.046],[0,0],[0.179,0.035],[0.144,0.108],[0.081,0.164],[0,0.181],[-0.08,0.165],[-0.144,0.113],[-0.179,0.038],[-0.177,-0.045],[0,0],[-0.179,-0.035],[-0.143,-0.112],[-0.081,-0.161],[0,-0.183],[0.08,-0.165],[0.148,-0.112],[0.179,-0.039]],"o":[[0,0],[-0.177,0.046],[-0.179,-0.039],[-0.144,-0.112],[-0.08,-0.165],[0,-0.183],[0.081,-0.161],[0.144,-0.112],[0.179,-0.035],[0,0],[0.176,-0.045],[0.179,0.038],[0.148,0.113],[0.08,0.165],[0,0.181],[-0.081,0.164],[-0.143,0.108],[-0.179,0.035]],"v":[[374.865,1.157],[-374.865,1.157],[-375.406,1.172],[-375.896,0.947],[-376.239,0.527],[-376.36,0.002],[-376.239,-0.528],[-375.896,-0.945],[-375.406,-1.172],[-374.865,-1.158],[374.865,-1.158],[375.404,-1.172],[375.894,-0.945],[376.238,-0.528],[376.36,0.002],[376.238,0.527],[375.894,0.947],[375.404,1.172]],"c":true},"ix":2},"nm":"Path 1","mn":"ADBE Vector Shape - Group","hd":false},{"ty":"fl","c":{"a":0,"k":[0.639215686275,0.172549019608,0.207843152214,1],"ix":4},"o":{"a":0,"k":100,"ix":5},"r":1,"bm":0,"nm":"Fill 1","mn":"ADBE Vector Graphic - Fill","hd":false},{"ty":"tr","p":{"a":0,"k":[480.773,792.629],"ix":2},"a":{"a":0,"k":[0,0],"ix":1},"s":{"a":0,"k":[100,100],"ix":3},"r":{"a":0,"k":0,"ix":6},"o":{"a":0,"k":100,"ix":7},"sk":{"a":0,"k":0,"ix":4},"sa":{"a":0,"k":0,"ix":5},"nm":"Transform"}],"nm":"Group 1","np":2,"cix":2,"bm":0,"ix":1,"mn":"ADBE Vector Group","hd":false}],"ip":0,"op":300.00001221925,"st":0,"bm":0},{"ddd":0,"ind":6,"ty":4,"nm":"Layer 32 Outlines","sr":1,"ks":{"o":{"a":0,"k":100,"ix":11},"r":{"a":0,"k":0,"ix":10},"p":{"a":0,"k":[500,500,0],"ix":2,"l":2},"a":{"a":0,"k":[500,500,0],"ix":1,"l":2},"s":{"a":0,"k":[100,100,100],"ix":6,"l":2}},"ao":0,"shapes":[{"ty":"gr","it":[{"ind":0,"ty":"sh","ix":1,"ks":{"a":0,"k":{"i":[[0,0],[16.336,0],[0,0],[0,0]],"o":[[0,0],[0,0],[-16.335,0],[0,0]],"v":[[72.062,-49.576],[43.235,49.576],[-43.235,49.576],[-72.062,-49.576]],"c":true},"ix":2},"nm":"Path 1","mn":"ADBE Vector Shape - Group","hd":false},{"ty":"fl","c":{"a":0,"k":[0.956862804936,0.894117706897,0.835294177485,1],"ix":4},"o":{"a":0,"k":100,"ix":5},"r":1,"bm":0,"nm":"Fill 1","mn":"ADBE Vector Graphic - Fill","hd":false},{"ty":"tr","p":{"a":0,"k":[290.541,742.909],"ix":2},"a":{"a":0,"k":[0,0],"ix":1},"s":{"a":0,"k":[100,100],"ix":3},"r":{"a":0,"k":0,"ix":6},"o":{"a":0,"k":100,"ix":7},"sk":{"a":0,"k":0,"ix":4},"sa":{"a":0,"k":0,"ix":5},"nm":"Transform"}],"nm":"Group 1","np":2,"cix":2,"bm":0,"ix":1,"mn":"ADBE Vector Group","hd":false},{"ty":"gr","it":[{"ind":0,"ty":"sh","ix":1,"ks":{"a":0,"k":{"i":[[0,0],[0,0],[0,0],[0,0]],"o":[[0,0],[0,0],[0,0],[0,0]],"v":[[28.572,-6.852],[-28.573,-6.852],[-28.573,6.852],[28.572,6.852]],"c":true},"ix":2},"nm":"Path 1","mn":"ADBE Vector Shape - Group","hd":false},{"ty":"fl","c":{"a":0,"k":[0.925490255917,0.298039215686,0.188235309077,1],"ix":4},"o":{"a":0,"k":100,"ix":5},"r":1,"bm":0,"nm":"Fill 1","mn":"ADBE Vector Graphic - Fill","hd":false},{"ty":"tr","p":{"a":0,"k":[389.999,721.628],"ix":2},"a":{"a":0,"k":[0,0],"ix":1},"s":{"a":0,"k":[100,100],"ix":3},"r":{"a":0,"k":0,"ix":6},"o":{"a":0,"k":100,"ix":7},"sk":{"a":0,"k":0,"ix":4},"sa":{"a":0,"k":0,"ix":5},"nm":"Transform"}],"nm":"Group 2","np":2,"cix":2,"bm":0,"ix":2,"mn":"ADBE Vector Group","hd":false},{"ty":"gr","it":[{"ind":0,"ty":"sh","ix":1,"ks":{"a":0,"k":{"i":[[0,0],[0,0],[0,0],[0,0]],"o":[[0,0],[0,0],[0,0],[0,0]],"v":[[23.327,-34.451],[-23.326,-34.451],[-23.326,34.451],[23.327,34.451]],"c":true},"ix":2},"nm":"Path 1","mn":"ADBE Vector Shape - Group","hd":false},{"ty":"fl","c":{"a":0,"k":[0.654901960784,0.725490196078,0.63137254902,1],"ix":4},"o":{"a":0,"k":100,"ix":5},"r":1,"bm":0,"nm":"Fill 1","mn":"ADBE Vector Graphic - Fill","hd":false},{"ty":"tr","p":{"a":0,"k":[390.003,758.034],"ix":2},"a":{"a":0,"k":[0,0],"ix":1},"s":{"a":0,"k":[100,100],"ix":3},"r":{"a":0,"k":0,"ix":6},"o":{"a":0,"k":100,"ix":7},"sk":{"a":0,"k":0,"ix":4},"sa":{"a":0,"k":0,"ix":5},"nm":"Transform"}],"nm":"Group 3","np":2,"cix":2,"bm":0,"ix":3,"mn":"ADBE Vector Group","hd":false},{"ty":"gr","it":[{"ind":0,"ty":"sh","ix":1,"ks":{"a":0,"k":{"i":[[0,0],[-11.067,9.227],[-1.398,-1.194],[-0.395,-1.794],[0.868,-11.411],[0,0]],"o":[[0,0],[1.832,0.112],[1.397,1.196],[0,0],[0,0],[0,0]],"v":[[-7.493,9.926],[1.661,-12.519],[6.64,-10.509],[9.406,-5.901],[-3.982,12.519],[-6.909,10.76]],"c":false},"ix":2},"nm":"Path 1","mn":"ADBE Vector Shape - Group","hd":false},{"ty":"fl","c":{"a":0,"k":[0,0.419607873056,0.36862745098,1],"ix":4},"o":{"a":0,"k":100,"ix":5},"r":1,"bm":0,"nm":"Fill 1","mn":"ADBE Vector Graphic - Fill","hd":false},{"ty":"tr","p":{"a":0,"k":[523.668,713.525],"ix":2},"a":{"a":0,"k":[0,0],"ix":1},"s":{"a":0,"k":[100,100],"ix":3},"r":{"a":0,"k":0,"ix":6},"o":{"a":0,"k":100,"ix":7},"sk":{"a":0,"k":0,"ix":4},"sa":{"a":0,"k":0,"ix":5},"nm":"Transform"}],"nm":"Group 4","np":2,"cix":2,"bm":0,"ix":4,"mn":"ADBE Vector Group","hd":false},{"ty":"gr","it":[{"ind":0,"ty":"sh","ix":1,"ks":{"a":0,"k":{"i":[[-9.725,13.162],[1.919,-25.172]],"o":[[0,0],[0,-0.046]],"v":[[-2.482,-8.455],[10.289,12.586]],"c":true},"ix":2},"nm":"Path 1","mn":"ADBE Vector Shape - Group","hd":false},{"ty":"fl","c":{"a":0,"k":[0,0.419607873056,0.36862745098,1],"ix":4},"o":{"a":0,"k":100,"ix":5},"r":1,"bm":0,"nm":"Fill 1","mn":"ADBE Vector Graphic - Fill","hd":false},{"ty":"tr","p":{"a":0,"k":[521.134,728.816],"ix":2},"a":{"a":0,"k":[0,0],"ix":1},"s":{"a":0,"k":[100,100],"ix":3},"r":{"a":0,"k":0,"ix":6},"o":{"a":0,"k":100,"ix":7},"sk":{"a":0,"k":0,"ix":4},"sa":{"a":0,"k":0,"ix":5},"nm":"Transform"}],"nm":"Group 5","np":2,"cix":2,"bm":0,"ix":5,"mn":"ADBE Vector Group","hd":false},{"ty":"gr","it":[{"ind":0,"ty":"sh","ix":1,"ks":{"a":0,"k":{"i":[[-14.49,1.083],[19.587,-14.883]],"o":[[0,0],[0,0]],"v":[[2.145,-11.745],[-7.241,11.745]],"c":true},"ix":2},"nm":"Path 1","mn":"ADBE Vector Shape - Group","hd":false},{"ty":"fl","c":{"a":0,"k":[0,0.419607873056,0.36862745098,1],"ix":4},"o":{"a":0,"k":100,"ix":5},"r":1,"bm":0,"nm":"Fill 1","mn":"ADBE Vector Graphic - Fill","hd":false},{"ty":"tr","p":{"a":0,"k":[515.429,730.193],"ix":2},"a":{"a":0,"k":[0,0],"ix":1},"s":{"a":0,"k":[100,100],"ix":3},"r":{"a":0,"k":0,"ix":6},"o":{"a":0,"k":100,"ix":7},"sk":{"a":0,"k":0,"ix":4},"sa":{"a":0,"k":0,"ix":5},"nm":"Transform"}],"nm":"Group 6","np":2,"cix":2,"bm":0,"ix":6,"mn":"ADBE Vector Group","hd":false},{"ty":"gr","it":[{"ind":0,"ty":"sh","ix":1,"ks":{"a":0,"k":{"i":[[4.838,-10.895],[-16.929,10.979]],"o":[[0,0],[-0.028,0]],"v":[[-10.377,0.308],[10.377,-0.392]],"c":true},"ix":2},"nm":"Path 1","mn":"ADBE Vector Shape - Group","hd":false},{"ty":"fl","c":{"a":0,"k":[0,0.419607873056,0.36862745098,1],"ix":4},"o":{"a":0,"k":100,"ix":5},"r":1,"bm":0,"nm":"Fill 1","mn":"ADBE Vector Graphic - Fill","hd":false},{"ty":"tr","p":{"a":0,"k":[527.26,720.743],"ix":2},"a":{"a":0,"k":[0,0],"ix":1},"s":{"a":0,"k":[100,100],"ix":3},"r":{"a":0,"k":0,"ix":6},"o":{"a":0,"k":100,"ix":7},"sk":{"a":0,"k":0,"ix":4},"sa":{"a":0,"k":0,"ix":5},"nm":"Transform"}],"nm":"Group 7","np":2,"cix":2,"bm":0,"ix":7,"mn":"ADBE Vector Group","hd":false},{"ty":"gr","it":[{"ind":0,"ty":"sh","ix":1,"ks":{"a":0,"k":{"i":[[7.945,-8.895],[-3.096,19.941]],"o":[[0,0],[0,0]],"v":[[1.498,9.262],[-6.347,-9.971]],"c":true},"ix":2},"nm":"Path 1","mn":"ADBE Vector Shape - Group","hd":false},{"ty":"fl","c":{"a":0,"k":[0,0.419607873056,0.36862745098,1],"ix":4},"o":{"a":0,"k":100,"ix":5},"r":1,"bm":0,"nm":"Fill 1","mn":"ADBE Vector Graphic - Fill","hd":false},{"ty":"tr","p":{"a":0,"k":[514.478,715.317],"ix":2},"a":{"a":0,"k":[0,0],"ix":1},"s":{"a":0,"k":[100,100],"ix":3},"r":{"a":0,"k":0,"ix":6},"o":{"a":0,"k":100,"ix":7},"sk":{"a":0,"k":0,"ix":4},"sa":{"a":0,"k":0,"ix":5},"nm":"Transform"}],"nm":"Group 8","np":2,"cix":2,"bm":0,"ix":8,"mn":"ADBE Vector Group","hd":false},{"ty":"gr","it":[{"ind":0,"ty":"sh","ix":1,"ks":{"a":0,"k":{"i":[[-8.979,-11.421],[23.273,7.938]],"o":[[0,0],[0,0.01]],"v":[[12.362,-0.927],[-12.362,4.409]],"c":true},"ix":2},"nm":"Path 1","mn":"ADBE Vector Shape - Group","hd":false},{"ty":"fl","c":{"a":0,"k":[0,0.419607873056,0.36862745098,1],"ix":4},"o":{"a":0,"k":100,"ix":5},"r":1,"bm":0,"nm":"Fill 1","mn":"ADBE Vector Graphic - Fill","hd":false},{"ty":"tr","p":{"a":0,"k":[505.849,719.988],"ix":2},"a":{"a":0,"k":[0,0],"ix":1},"s":{"a":0,"k":[100,100],"ix":3},"r":{"a":0,"k":0,"ix":6},"o":{"a":0,"k":100,"ix":7},"sk":{"a":0,"k":0,"ix":4},"sa":{"a":0,"k":0,"ix":5},"nm":"Transform"}],"nm":"Group 9","np":2,"cix":2,"bm":0,"ix":9,"mn":"ADBE Vector Group","hd":false},{"ty":"gr","it":[{"ind":0,"ty":"sh","ix":1,"ks":{"a":0,"k":{"i":[[10.825,-35.233],[9.448,2.908],[-10.829,35.262],[-6.325,-1.934]],"o":[[-10.829,35.255],[-9.449,-2.908],[10.825,-35.265],[7.065,2.208]],"v":[[40.985,12.591],[-12.413,40.443],[-40.98,-12.581],[11.624,-37.763]],"c":true},"ix":2},"nm":"Path 1","mn":"ADBE Vector Shape - Group","hd":false},{"ty":"fl","c":{"a":0,"k":[0.627450980392,0.094117654539,0.235294132607,1],"ix":4},"o":{"a":0,"k":100,"ix":5},"r":1,"bm":0,"nm":"Fill 1","mn":"ADBE Vector Graphic - Fill","hd":false},{"ty":"tr","p":{"a":0,"k":[509.737,751.986],"ix":2},"a":{"a":0,"k":[0,0],"ix":1},"s":{"a":0,"k":[100,100],"ix":3},"r":{"a":0,"k":0,"ix":6},"o":{"a":0,"k":100,"ix":7},"sk":{"a":0,"k":0,"ix":4},"sa":{"a":0,"k":0,"ix":5},"nm":"Transform"}],"nm":"Group 10","np":2,"cix":2,"bm":0,"ix":10,"mn":"ADBE Vector Group","hd":false},{"ty":"gr","it":[{"ind":0,"ty":"sh","ix":1,"ks":{"a":0,"k":{"i":[[0,0],[9.344,10.913],[-1.18,1.412],[-1.79,0.421],[-11.421,-0.774],[0,0]],"o":[[0,0],[0.091,-1.836],[1.178,-1.412],[0,0],[0,0],[0,0]],"v":[[9.994,7.36],[-12.547,-1.545],[-10.589,-6.547],[-6.017,-9.369],[12.548,3.839],[10.817,6.786]],"c":false},"ix":2},"nm":"Path 1","mn":"ADBE Vector Shape - Group","hd":false},{"ty":"fl","c":{"a":0,"k":[0,0.419607873056,0.36862745098,1],"ix":4},"o":{"a":0,"k":100,"ix":5},"r":1,"bm":0,"nm":"Fill 1","mn":"ADBE Vector Graphic - Fill","hd":false},{"ty":"tr","p":{"a":0,"k":[411.773,738.193],"ix":2},"a":{"a":0,"k":[0,0],"ix":1},"s":{"a":0,"k":[100,100],"ix":3},"r":{"a":0,"k":0,"ix":6},"o":{"a":0,"k":100,"ix":7},"sk":{"a":0,"k":0,"ix":4},"sa":{"a":0,"k":0,"ix":5},"nm":"Transform"}],"nm":"Group 11","np":2,"cix":2,"bm":0,"ix":11,"mn":"ADBE Vector Group","hd":false},{"ty":"gr","it":[{"ind":0,"ty":"sh","ix":1,"ks":{"a":0,"k":{"i":[[13.264,9.593],[-25.154,-1.658]],"o":[[0,0],[0,0.017]],"v":[[-8.282,2.526],[12.577,-10.461]],"c":true},"ix":2},"nm":"Path 1","mn":"ADBE Vector Shape - Group","hd":false},{"ty":"fl","c":{"a":0,"k":[0,0.419607873056,0.36862745098,1],"ix":4},"o":{"a":0,"k":100,"ix":5},"r":1,"bm":0,"nm":"Fill 1","mn":"ADBE Vector Graphic - Fill","hd":false},{"ty":"tr","p":{"a":0,"k":[426.941,740.59],"ix":2},"a":{"a":0,"k":[0,0],"ix":1},"s":{"a":0,"k":[100,100],"ix":3},"r":{"a":0,"k":0,"ix":6},"o":{"a":0,"k":100,"ix":7},"sk":{"a":0,"k":0,"ix":4},"sa":{"a":0,"k":0,"ix":5},"nm":"Transform"}],"nm":"Group 12","np":2,"cix":2,"bm":0,"ix":12,"mn":"ADBE Vector Group","hd":false},{"ty":"gr","it":[{"ind":0,"ty":"sh","ix":1,"ks":{"a":0,"k":{"i":[[1.233,14.479],[-15.086,-19.426]],"o":[[0,0],[0.017,0]],"v":[[-11.806,-2.093],[11.789,7.04]],"c":true},"ix":2},"nm":"Path 1","mn":"ADBE Vector Shape - Group","hd":false},{"ty":"fl","c":{"a":0,"k":[0,0.419607873056,0.36862745098,1],"ix":4},"o":{"a":0,"k":100,"ix":5},"r":1,"bm":0,"nm":"Fill 1","mn":"ADBE Vector Graphic - Fill","hd":false},{"ty":"tr","p":{"a":0,"k":[428.562,746.309],"ix":2},"a":{"a":0,"k":[0,0],"ix":1},"s":{"a":0,"k":[100,100],"ix":3},"r":{"a":0,"k":0,"ix":6},"o":{"a":0,"k":100,"ix":7},"sk":{"a":0,"k":0,"ix":4},"sa":{"a":0,"k":0,"ix":5},"nm":"Transform"}],"nm":"Group 13","np":2,"cix":2,"bm":0,"ix":13,"mn":"ADBE Vector Group","hd":false},{"ty":"gr","it":[{"ind":0,"ty":"sh","ix":1,"ks":{"a":0,"k":{"i":[[-10.902,-4.762],[11.201,16.833]],"o":[[0,0],[0.078,0]],"v":[[0.329,10.377],[-0.628,-10.377]],"c":true},"ix":2},"nm":"Path 1","mn":"ADBE Vector Shape - Group","hd":false},{"ty":"fl","c":{"a":0,"k":[0,0.419607873056,0.36862745098,1],"ix":4},"o":{"a":0,"k":100,"ix":5},"r":1,"bm":0,"nm":"Fill 1","mn":"ADBE Vector Graphic - Fill","hd":false},{"ty":"tr","p":{"a":0,"k":[418.999,734.536],"ix":2},"a":{"a":0,"k":[0,0],"ix":1},"s":{"a":0,"k":[100,100],"ix":3},"r":{"a":0,"k":0,"ix":6},"o":{"a":0,"k":100,"ix":7},"sk":{"a":0,"k":0,"ix":4},"sa":{"a":0,"k":0,"ix":5},"nm":"Transform"}],"nm":"Group 14","np":2,"cix":2,"bm":0,"ix":14,"mn":"ADBE Vector Group","hd":false},{"ty":"gr","it":[{"ind":0,"ty":"sh","ix":1,"ks":{"a":0,"k":{"i":[[-8.979,-7.862],[19.961,2.898]],"o":[[0,0],[-0.018,0]],"v":[[9.157,-1.536],[-9.971,6.5]],"c":true},"ix":2},"nm":"Path 1","mn":"ADBE Vector Shape - Group","hd":false},{"ty":"fl","c":{"a":0,"k":[0,0.419607873056,0.36862745098,1],"ix":4},"o":{"a":0,"k":100,"ix":5},"r":1,"bm":0,"nm":"Fill 1","mn":"ADBE Vector Graphic - Fill","hd":false},{"ty":"tr","p":{"a":0,"k":[413.748,747.29],"ix":2},"a":{"a":0,"k":[0,0],"ix":1},"s":{"a":0,"k":[100,100],"ix":3},"r":{"a":0,"k":0,"ix":6},"o":{"a":0,"k":100,"ix":7},"sk":{"a":0,"k":0,"ix":4},"sa":{"a":0,"k":0,"ix":5},"nm":"Transform"}],"nm":"Group 15","np":2,"cix":2,"bm":0,"ix":15,"mn":"ADBE Vector Group","hd":false},{"ty":"gr","it":[{"ind":0,"ty":"sh","ix":1,"ks":{"a":0,"k":{"i":[[-11.316,9.144],[7.69,-23.354]],"o":[[0,0],[0,0.032]],"v":[[-0.988,-12.353],[4.614,12.321]],"c":true},"ix":2},"nm":"Path 1","mn":"ADBE Vector Shape - Group","hd":false},{"ty":"fl","c":{"a":0,"k":[0,0.419607873056,0.36862745098,1],"ix":4},"o":{"a":0,"k":100,"ix":5},"r":1,"bm":0,"nm":"Fill 1","mn":"ADBE Vector Graphic - Fill","hd":false},{"ty":"tr","p":{"a":0,"k":[418.347,755.889],"ix":2},"a":{"a":0,"k":[0,0],"ix":1},"s":{"a":0,"k":[100,100],"ix":3},"r":{"a":0,"k":0,"ix":6},"o":{"a":0,"k":100,"ix":7},"sk":{"a":0,"k":0,"ix":4},"sa":{"a":0,"k":0,"ix":5},"nm":"Transform"}],"nm":"Group 16","np":2,"cix":2,"bm":0,"ix":16,"mn":"ADBE Vector Group","hd":false},{"ty":"gr","it":[{"ind":0,"ty":"sh","ix":1,"ks":{"a":0,"k":{"i":[[-35.38,-10.45],[2.803,-9.488],[35.37,10.454],[-1.864,6.32]],"o":[[35.388,10.454],[-2.802,9.491],[-35.366,-10.454],[2.105,-7.115]],"v":[[12.137,-41.115],[40.56,11.987],[-12.159,41.111],[-37.905,-11.195]],"c":true},"ix":2},"nm":"Path 1","mn":"ADBE Vector Shape - Group","hd":false},{"ty":"fl","c":{"a":0,"k":[0.627450980392,0.094117654539,0.235294132607,1],"ix":4},"o":{"a":0,"k":100,"ix":5},"r":1,"bm":0,"nm":"Fill 1","mn":"ADBE Vector Graphic - Fill","hd":false},{"ty":"tr","p":{"a":0,"k":[450.422,751.691],"ix":2},"a":{"a":0,"k":[0,0],"ix":1},"s":{"a":0,"k":[100,100],"ix":3},"r":{"a":0,"k":0,"ix":6},"o":{"a":0,"k":100,"ix":7},"sk":{"a":0,"k":0,"ix":4},"sa":{"a":0,"k":0,"ix":5},"nm":"Transform"}],"nm":"Group 17","np":2,"cix":2,"bm":0,"ix":17,"mn":"ADBE Vector Group","hd":false}],"ip":0,"op":300.00001221925,"st":0,"bm":0},{"ddd":0,"ind":7,"ty":4,"nm":"Layer 33 Outlines","sr":1,"ks":{"o":{"a":0,"k":100,"ix":11},"r":{"a":0,"k":0,"ix":10},"p":{"a":0,"k":[500,500,0],"ix":2,"l":2},"a":{"a":0,"k":[500,500,0],"ix":1,"l":2},"s":{"a":0,"k":[100,100,100],"ix":6,"l":2}},"ao":0,"shapes":[{"ty":"gr","it":[{"ind":0,"ty":"sh","ix":1,"ks":{"a":0,"k":{"i":[[0,0],[0,0],[0,0],[0,0]],"o":[[0,0],[0,0],[0,0],[0,0]],"v":[[-71.219,10.151],[-63.358,-10.151],[63.356,-10.151],[71.218,10.151]],"c":false},"ix":2},"nm":"Path 1","mn":"ADBE Vector Shape - Group","hd":false},{"ty":"st","c":{"a":0,"k":[0.058823533152,0.258823529412,0.231372563979,1],"ix":3},"o":{"a":0,"k":100,"ix":4},"w":{"a":0,"k":24.559,"ix":5},"lc":1,"lj":1,"ml":10,"bm":0,"nm":"Stroke 1","mn":"ADBE Vector Graphic - Stroke","hd":false},{"ty":"tr","p":{"a":0,"k":[706.431,785.795],"ix":2},"a":{"a":0,"k":[0,0],"ix":1},"s":{"a":0,"k":[100,100],"ix":3},"r":{"a":0,"k":0,"ix":6},"o":{"a":0,"k":100,"ix":7},"sk":{"a":0,"k":0,"ix":4},"sa":{"a":0,"k":0,"ix":5},"nm":"Transform"}],"nm":"Group 1","np":2,"cix":2,"bm":0,"ix":1,"mn":"ADBE Vector Group","hd":false},{"ty":"gr","it":[{"ind":0,"ty":"sh","ix":1,"ks":{"a":0,"k":{"i":[[0,0],[0,0],[0,0],[0,0]],"o":[[0,0],[0,0],[0,0],[0,0]],"v":[[-104.25,10.151],[-92.745,-10.151],[92.734,-10.151],[104.25,10.151]],"c":false},"ix":2},"nm":"Path 1","mn":"ADBE Vector Shape - Group","hd":false},{"ty":"st","c":{"a":0,"k":[0.058823533152,0.258823529412,0.231372563979,1],"ix":3},"o":{"a":0,"k":100,"ix":4},"w":{"a":0,"k":24.559,"ix":5},"lc":1,"lj":1,"ml":10,"bm":0,"nm":"Stroke 1","mn":"ADBE Vector Graphic - Stroke","hd":false},{"ty":"tr","p":{"a":0,"k":[706.437,785.795],"ix":2},"a":{"a":0,"k":[0,0],"ix":1},"s":{"a":0,"k":[100,100],"ix":3},"r":{"a":0,"k":0,"ix":6},"o":{"a":0,"k":100,"ix":7},"sk":{"a":0,"k":0,"ix":4},"sa":{"a":0,"k":0,"ix":5},"nm":"Transform"}],"nm":"Group 2","np":2,"cix":2,"bm":0,"ix":2,"mn":"ADBE Vector Group","hd":false}],"ip":0,"op":300.00001221925,"st":0,"bm":0},{"ddd":0,"ind":8,"ty":4,"nm":"Layer 34 Outlines","sr":1,"ks":{"o":{"a":0,"k":100,"ix":11},"r":{"a":0,"k":0,"ix":10},"p":{"a":0,"k":[500,500,0],"ix":2,"l":2},"a":{"a":0,"k":[500,500,0],"ix":1,"l":2},"s":{"a":0,"k":[100,100,100],"ix":6,"l":2}},"ao":0,"shapes":[{"ty":"gr","it":[{"ind":0,"ty":"sh","ix":1,"ks":{"a":0,"k":{"i":[[0.583,-7.774],[-12.147,4.036],[-13.524,10.657],[-2.878,1.117],[2.267,1.664],[19.588,-9.029]],"o":[[-0.45,6.092],[5.184,-1.73],[13.523,-10.654],[2.879,-1.117],[-2.266,-1.664],[-19.587,9.028]],"v":[[-64.716,2.802],[-22.633,46.292],[10.22,4.82],[55.41,-19.501],[62.899,-48.663],[-7.666,-36.766]],"c":true},"ix":2},"nm":"Path 1","mn":"ADBE Vector Shape - Group","hd":false},{"ty":"fl","c":{"a":0,"k":[0.627450980392,0.094117654539,0.235294132607,1],"ix":4},"o":{"a":0,"k":100,"ix":5},"r":1,"bm":0,"nm":"Fill 1","mn":"ADBE Vector Graphic - Fill","hd":false},{"ty":"tr","p":{"a":0,"k":[220.549,647.415],"ix":2},"a":{"a":0,"k":[0,0],"ix":1},"s":{"a":0,"k":[100,100],"ix":3},"r":{"a":0,"k":0,"ix":6},"o":{"a":0,"k":100,"ix":7},"sk":{"a":0,"k":0,"ix":4},"sa":{"a":0,"k":0,"ix":5},"nm":"Transform"}],"nm":"Group 1","np":2,"cix":2,"bm":0,"ix":1,"mn":"ADBE Vector Group","hd":false},{"ty":"gr","it":[{"ind":0,"ty":"sh","ix":1,"ks":{"a":0,"k":{"i":[[25.316,15.807],[0.086,-0.024],[0.047,-0.077],[-0.014,-0.088],[-0.069,-0.052],[-0.458,-8.597],[2.669,-16.277],[-0.229,0.852]],"o":[[-0.081,-0.039],[-0.085,0.024],[-0.047,0.073],[0.015,0.088],[16.547,12.56],[0.9,16.652],[-0.133,0.823],[5.758,-21.689]],"v":[[-12.394,-49.51],[-12.652,-49.531],[-12.858,-49.373],[-12.908,-49.121],[-12.777,-48.901],[6.217,1.159],[3.176,48.35],[4.563,48.703]],"c":true},"ix":2},"nm":"Path 1","mn":"ADBE Vector Shape - Group","hd":false},{"ty":"fl","c":{"a":0,"k":[0.627450980392,0.094117654539,0.235294132607,1],"ix":4},"o":{"a":0,"k":100,"ix":5},"r":1,"bm":0,"nm":"Fill 1","mn":"ADBE Vector Graphic - Fill","hd":false},{"ty":"tr","p":{"a":0,"k":[292.869,489.727],"ix":2},"a":{"a":0,"k":[0,0],"ix":1},"s":{"a":0,"k":[100,100],"ix":3},"r":{"a":0,"k":0,"ix":6},"o":{"a":0,"k":100,"ix":7},"sk":{"a":0,"k":0,"ix":4},"sa":{"a":0,"k":0,"ix":5},"nm":"Transform"}],"nm":"Group 2","np":2,"cix":2,"bm":0,"ix":2,"mn":"ADBE Vector Group","hd":false},{"ty":"gr","it":[{"ind":0,"ty":"sh","ix":1,"ks":{"a":0,"k":{"i":[[0.402,-0.603],[2.477,-4.18],[-4.123,10.951],[0.239,-0.623],[5.738,-27.719],[-0.211,-0.358],[-0.4,-0.108],[-0.363,0.199],[-0.122,0.395],[-3.414,12.234],[-1.415,2.813],[-2.774,4.33]],"o":[[-2.439,3.689],[3.28,-11.249],[0.239,-0.635],[-10.148,26.282],[-0.096,0.403],[0.212,0.357],[0.4,0.109],[0.363,-0.201],[3.53,-12.156],[1.329,-2.869],[2.334,-4.572],[0.392,-0.574]],"v":[[10.287,-18.937],[2.636,-7.105],[13.558,-40.474],[12.544,-40.751],[-13.7,39.356],[-13.52,40.542],[-12.567,41.266],[-11.378,41.126],[-10.621,40.198],[-0.406,3.527],[3.525,-5.081],[11.272,-18.401]],"c":true},"ix":2},"nm":"Path 1","mn":"ADBE Vector Shape - Group","hd":false},{"ty":"fl","c":{"a":0,"k":[0.627450980392,0.094117654539,0.235294132607,1],"ix":4},"o":{"a":0,"k":100,"ix":5},"r":1,"bm":0,"nm":"Fill 1","mn":"ADBE Vector Graphic - Fill","hd":false},{"ty":"tr","p":{"a":0,"k":[283.492,586.578],"ix":2},"a":{"a":0,"k":[0,0],"ix":1},"s":{"a":0,"k":[100,100],"ix":3},"r":{"a":0,"k":0,"ix":6},"o":{"a":0,"k":100,"ix":7},"sk":{"a":0,"k":0,"ix":4},"sa":{"a":0,"k":0,"ix":5},"nm":"Transform"}],"nm":"Group 3","np":2,"cix":2,"bm":0,"ix":3,"mn":"ADBE Vector Group","hd":false},{"ty":"gr","it":[{"ind":0,"ty":"sh","ix":1,"ks":{"a":0,"k":{"i":[[0,-1.321],[0.134,-3.184],[0.02,-0.319],[0.172,-3.107],[0.106,-1.283],[0.278,-2.975],[0.067,-0.333],[0.354,-2.592],[0.172,-1.072],[0.028,-0.237],[1.042,-3.874],[0,0],[0.546,-2.123],[0.344,-1.342],[0.373,-1.348],[0.621,-2.144],[0.345,-1.172],[0.111,-0.312],[0.956,-3.223],[0.383,-1.271],[0.966,-3.051],[0,0],[0.373,-1.108],[0.334,-0.929],[0.354,-1.033],[0.421,-1.177],[1.038,-1.898],[2.572,-1.072],[1.129,-0.451],[0.316,-0.106],[0.498,-0.2],[3.042,-1.349],[0.335,-0.133],[3.386,-1.692],[0.87,-0.448],[0.42,-0.281],[1.971,-1.1],[1.346,-0.876],[0,0],[2.964,-2.361],[0,0],[0.24,-0.172],[1.071,-0.956],[2.072,-2.432],[0.937,-1.244],[0.041,-0.108],[0.217,-0.337],[1.53,-3.096],[0.142,-0.337],[0.88,-2.863],[0.306,0.133],[1.238,0.982],[2.669,2.344],[0.362,0.298],[0.554,0.497],[0.302,0.318],[2.314,2.61],[0.794,1.034],[0.248,0.304],[1.004,1.521],[0.834,1.794],[0.103,0.333],[-0.225,3.317],[0,0],[-0.201,1.322],[-0.707,3.36],[-0.111,0.308],[-0.86,3.321],[-0.21,0.757],[-0.172,0.581],[-1.004,3.278],[-0.133,0.308],[-0.179,0.498],[-0.937,2.775],[0,0],[-1.205,3.243],[-0.106,0.337],[0,0],[-0.335,0.796],[-0.344,0.834],[-0.545,1.311],[-1.387,3.213],[0,0],[0,0],[-0.631,1.271],[-0.621,1.31],[0,0],[-1.425,2.87],[-0.172,0.333],[-1.588,3.145],[-0.067,0.144],[-0.335,0.585],[-0.278,0.554],[-1.654,3.051],[-0.172,0.337],[-1.033,1.829],[-0.756,1.272],[-0.516,0.9],[-0.239,0.375],[-1.76,2.378],[-0.21,0.294],[-0.354,0.448],[-0.239,0.276],[-0.334,0.343],[-2.047,2.14],[-1.272,1.31],[0,0],[-1.348,1.31],[-2.037,1.847],[-0.344,0.375],[-0.899,0.802],[-0.302,0.294],[-2.554,2.039],[-0.622,0.451],[-1.071,0.792],[-0.21,0.144],[-3.393,1.826],[-0.335,0.137],[-1.319,-1.31],[-0.596,-0.735],[-0.937,-2.186],[-0.135,-0.231],[-0.411,-1.138],[-0.705,-3.307],[-0.033,-0.326],[-0.42,-3.357],[-0.134,-1.349],[-0.172,-3.28],[0,0],[-0.038,-3.258]],"o":[[0,3.317],[0.02,0.319],[-0.067,3.356],[-0.067,1.35],[-0.21,3.493],[0,0.314],[-0.382,3.825],[-0.201,1.587],[0,0.267],[-0.383,1.973],[0,0],[-0.488,1.836],[-0.354,1.244],[-0.345,1.338],[-0.593,2.039],[-0.316,1.139],[-0.073,0.327],[-0.957,3.244],[-0.421,1.338],[-1.033,3.395],[0,0],[-0.374,1.205],[-0.373,1.11],[-0.383,1.174],[-0.478,1.455],[-0.615,2.074],[-0.517,0.621],[-0.899,0.421],[-0.277,0.105],[-0.315,0.105],[-2.448,1.005],[-0.306,0.105],[-3.079,1.348],[-0.833,0.413],[-0.45,0.249],[-1.914,1.001],[-1.352,0.792],[0,0],[-3.185,2.053],[0,0],[-0.201,0.171],[-1.109,0.956],[-2.386,2.13],[-1.072,1.176],[-0.091,0.07],[-0.267,0.298],[-2.059,2.771],[-0.203,0.302],[-1.328,2.683],[0,0.104],[-1.408,-0.719],[-1.912,-1.425],[-0.326,-0.34],[-0.516,-0.452],[-0.335,-0.284],[-2.42,-2.246],[-0.899,-1.005],[-0.238,-0.314],[-1.167,-1.483],[-1.076,-1.661],[-0.17,-0.301],[-1.43,-3.003],[0,0],[0.135,-1.272],[0.421,-3.135],[0.002,-0.326],[0.622,-3.184],[0.135,-0.724],[0.134,-0.592],[0.823,-3.216],[0.07,-0.33],[0.12,-0.515],[0.832,-2.726],[0,0],[1.148,-3.251],[0.105,-0.316],[0,0],[0.316,-0.756],[0.334,-0.795],[0.516,-1.311],[1.32,-3.279],[0,0],[0,0],[0.555,-1.31],[0.631,-1.273],[0,0],[1.416,-3.002],[0.134,-0.315],[1.617,-3.35],[0.076,-0.134],[0.306,-0.62],[0.335,-0.585],[1.76,-3.423],[0.211,-0.306],[1.109,-2.007],[0.793,-1.388],[0.555,-0.957],[0.249,-0.421],[2.458,-4.043],[0.239,-0.347],[0.478,-0.623],[0.211,-0.28],[0.239,-0.277],[1.76,-2.035],[1.243,-1.31],[0,0],[1.272,-1.311],[1.97,-1.913],[0.344,-0.304],[0.87,-0.792],[0.336,-0.256],[2.659,-2.288],[0.621,-0.514],[1.138,-0.897],[0.211,-0.137],[3.096,-2.294],[0.316,-0.171],[3.768,-1.797],[0.678,0.663],[1.402,1.923],[0.1,0.249],[0.449,1.034],[1.135,3.181],[0.082,0.312],[0.66,3.118],[0.201,1.31],[0.315,3.185],[0,0],[0.172,3.24],[0.096,1.272]],"v":[[69.329,-63.76],[69.195,-54.014],[69.195,-53.057],[68.784,-43.315],[68.544,-39.373],[67.779,-29.626],[67.712,-28.67],[66.603,-18.924],[66.02,-14.983],[65.886,-14.23],[63.734,-5.237],[63.533,-4.28],[61.945,1.669],[60.903,5.495],[59.803,9.432],[58.005,15.728],[57,19.178],[56.723,20.136],[53.854,29.882],[52.639,33.812],[49.636,43.559],[49.321,44.516],[48.221,48.005],[47.265,50.944],[46.155,54.261],[44.778,58.203],[42.291,64.179],[37.509,66.667],[34.467,67.949],[33.568,68.293],[32.114,68.875],[23.822,72.367],[22.866,72.749],[13.12,77.31],[10.557,78.621],[9.18,79.388],[3.441,82.562],[-0.605,85.06],[-1.561,85.68],[-10.791,92.308],[-11.307,92.729],[-11.958,93.244],[-15.247,96.113],[-21.942,102.964],[-24.955,106.627],[-25.156,106.903],[-25.883,107.86],[-31.277,116.677],[-31.794,117.635],[-35.112,125.966],[-35.629,125.899],[-39.608,123.344],[-46.695,117.606],[-47.728,116.65],[-49.315,115.196],[-50.272,114.296],[-57.454,106.903],[-60.018,103.862],[-60.744,102.964],[-63.987,98.401],[-66.856,93.216],[-67.267,92.26],[-69.104,82.618],[-69.104,82.457],[-68.587,78.515],[-66.923,68.769],[-66.751,67.813],[-64.542,58.066],[-63.987,55.859],[-63.537,54.129],[-60.773,44.383],[-60.467,43.426],[-60.018,41.905],[-57.349,33.679],[-56.01,29.749],[-52.481,20.003],[-52.136,19.046],[-50.272,14.169],[-49.315,11.825],[-48.311,9.3],[-46.695,5.358],[-42.611,-4.385],[-42.2,-5.341],[-39.608,-11.185],[-37.838,-15.087],[-36.05,-19.029],[-35.629,-19.986],[-31.411,-28.793],[-30.962,-29.749],[-26.131,-39.495],[-25.883,-39.948],[-24.926,-41.773],[-24.056,-43.437],[-18.911,-53.183],[-18.394,-54.14],[-15.18,-59.878],[-12.866,-63.886],[-11.24,-66.65],[-10.513,-67.827],[-4.153,-77.57],[-3.493,-78.527],[-2.183,-80.152],[-1.494,-80.947],[-0.538,-82.02],[5.201,-88.273],[9.026,-92.242],[9.17,-92.385],[13.11,-96.289],[19.155,-101.961],[20.188,-102.917],[22.856,-105.306],[23.813,-106.13],[31.694,-112.664],[33.559,-114.117],[36.877,-116.64],[37.499,-117.092],[47.245,-123.279],[48.202,-123.759],[56.082,-124.76],[57.995,-122.659],[61.515,-116.479],[61.869,-115.754],[63.141,-112.499],[65.905,-102.753],[66.077,-101.796],[67.674,-92.081],[68.153,-88.112],[68.918,-78.365],[68.918,-77.409],[69.233,-67.663]],"c":true},"ix":2},"nm":"Path 1","mn":"ADBE Vector Shape - Group","hd":false},{"ty":"fl","c":{"a":0,"k":[0.85882358925,0.129411764706,0.152941176471,1],"ix":4},"o":{"a":0,"k":100,"ix":5},"r":1,"bm":0,"nm":"Fill 1","mn":"ADBE Vector Graphic - Fill","hd":false},{"ty":"tr","p":{"a":0,"k":[230.608,562.567],"ix":2},"a":{"a":0,"k":[0,0],"ix":1},"s":{"a":0,"k":[100,100],"ix":3},"r":{"a":0,"k":0,"ix":6},"o":{"a":0,"k":100,"ix":7},"sk":{"a":0,"k":0,"ix":4},"sa":{"a":0,"k":0,"ix":5},"nm":"Transform"}],"nm":"Group 4","np":2,"cix":2,"bm":0,"ix":4,"mn":"ADBE Vector Group","hd":false},{"ty":"gr","it":[{"ind":0,"ty":"sh","ix":1,"ks":{"a":0,"k":{"i":[[1.665,-11.785],[-0.354,-0.2],[-5.528,-2.659],[1.311,-0.935],[8.744,-9.105],[8.236,-12.969],[3.664,9.649],[-2.831,10.024],[-10.224,18.25],[-8.225,-0.956],[1.684,-11.324]],"o":[[-0.172,1.279],[0.545,0.354],[-1.349,0.9],[-10.225,7.403],[-10.666,11.056],[-23.853,-13.783],[-0.956,-2.448],[10.817,-38.429],[12.893,-23.02],[22.954,2.62],[-1.501,10.194]],"v":[[31.691,57.348],[31.901,59.622],[41.466,64.327],[37.525,67.091],[9.014,91.902],[-19.411,128.036],[-68.246,85.217],[-65.032,65.553],[-11.329,-71.608],[46.248,-127.08],[56.768,-17.091]],"c":true},"ix":2},"nm":"Path 1","mn":"ADBE Vector Shape - Group","hd":false},{"ty":"fl","c":{"a":0,"k":[0.850980451995,0.490196108351,0.545098039216,1],"ix":4},"o":{"a":0,"k":100,"ix":5},"r":1,"bm":0,"nm":"Fill 1","mn":"ADBE Vector Graphic - Fill","hd":false},{"ty":"tr","p":{"a":0,"k":[234.609,568.635],"ix":2},"a":{"a":0,"k":[0,0],"ix":1},"s":{"a":0,"k":[100,100],"ix":3},"r":{"a":0,"k":0,"ix":6},"o":{"a":0,"k":100,"ix":7},"sk":{"a":0,"k":0,"ix":4},"sa":{"a":0,"k":0,"ix":5},"nm":"Transform"}],"nm":"Group 5","np":2,"cix":2,"bm":0,"ix":5,"mn":"ADBE Vector Group","hd":false},{"ty":"gr","it":[{"ind":0,"ty":"sh","ix":1,"ks":{"a":0,"k":{"i":[[3.728,-4.506],[15.898,-1.454],[12.301,4.621],[2.144,-0.519],[29.936,12.633],[5.58,3.213],[3.664,9.648],[-2.831,10.023],[-10.224,18.249],[-8.225,-0.957],[1.684,-11.323],[1.655,-11.786],[-0.354,-0.2],[-5.528,-2.658],[-6.905,-3.147],[-15.723,-3.013]],"o":[[-3.703,4.456],[-6.12,0.582],[-6.943,-2.67],[-2.14,0.516],[-5.924,-2.522],[-23.853,-13.782],[-0.956,-2.449],[10.817,-38.429],[12.893,-23.021],[22.954,2.62],[-1.52,10.194],[-0.172,1.279],[0.545,0.353],[29.649,14.273],[8.265,3.664],[11.084,2.102]],"v":[[164.707,144.553],[123.234,143.242],[82.731,148.025],[58.092,134.473],[-101.371,112.034],[-118.644,103.426],[-167.479,60.608],[-164.265,40.944],[-110.562,-96.217],[-52.985,-151.689],[-42.465,-41.701],[-67.552,32.739],[-67.341,35.013],[-57.777,39.717],[66.977,98.778],[115.709,112.609]],"c":true},"ix":2},"nm":"Path 1","mn":"ADBE Vector Shape - Group","hd":false},{"ty":"fl","c":{"a":0,"k":[1,0.709803921569,0.588235294118,1],"ix":4},"o":{"a":0,"k":100,"ix":5},"r":1,"bm":0,"nm":"Fill 1","mn":"ADBE Vector Graphic - Fill","hd":false},{"ty":"tr","p":{"a":0,"k":[333.842,593.245],"ix":2},"a":{"a":0,"k":[0,0],"ix":1},"s":{"a":0,"k":[100,100],"ix":3},"r":{"a":0,"k":0,"ix":6},"o":{"a":0,"k":100,"ix":7},"sk":{"a":0,"k":0,"ix":4},"sa":{"a":0,"k":0,"ix":5},"nm":"Transform"}],"nm":"Group 6","np":2,"cix":2,"bm":0,"ix":6,"mn":"ADBE Vector Group","hd":false},{"ty":"gr","it":[{"ind":0,"ty":"sh","ix":1,"ks":{"a":0,"k":{"i":[[8.197,-2.62],[1.109,-4.484],[-2.391,-2.012],[-28.348,0.032],[-1.119,1.969],[-1.587,1.569],[1.36,6.092],[8.512,5.585]],"o":[[-9.115,2.87],[-1.109,4.488],[2.391,2.007],[2.688,0],[1.119,-1.972],[1.591,-1.569],[-1.356,-6.092],[-8.512,-5.584]],"v":[[-20.597,-37.168],[-45.617,-18.863],[-42.355,8.685],[16.732,39.756],[24.326,12.156],[42.497,28.079],[45.366,-4.124],[15.996,-33.486]],"c":true},"ix":2},"nm":"Path 1","mn":"ADBE Vector Shape - Group","hd":false},{"ty":"fl","c":{"a":0,"k":[0.627450980392,0.094117654539,0.235294132607,1],"ix":4},"o":{"a":0,"k":100,"ix":5},"r":1,"bm":0,"nm":"Fill 1","mn":"ADBE Vector Graphic - Fill","hd":false},{"ty":"tr","p":{"a":0,"k":[343.66,446.913],"ix":2},"a":{"a":0,"k":[0,0],"ix":1},"s":{"a":0,"k":[100,100],"ix":3},"r":{"a":0,"k":0,"ix":6},"o":{"a":0,"k":100,"ix":7},"sk":{"a":0,"k":0,"ix":4},"sa":{"a":0,"k":0,"ix":5},"nm":"Transform"}],"nm":"Group 7","np":2,"cix":2,"bm":0,"ix":7,"mn":"ADBE Vector Group","hd":false},{"ty":"gr","it":[{"ind":0,"ty":"sh","ix":1,"ks":{"a":0,"k":{"i":[[0,-1.359],[0.066,-3.213],[0.031,-0.318],[0.094,-3.213],[0.028,-1.31],[0.182,-3.185],[0,0],[0.105,-1.905],[0.07,-1.272],[0.066,-1.32],[0.316,-3.107],[0,-0.337],[0.381,-3.051],[0.175,-1.272],[0.336,-1.969],[0.21,-1.107],[0.077,-0.333],[1.034,-3.187],[0.725,-1.262],[0.449,-0.357],[0,0],[0.011,0.465],[-0.194,1.318],[-0.201,1.205],[-0.554,2.421],[0,0],[-0.937,3.528],[-0.039,0.073],[-0.335,1.272],[-0.937,3.415],[-0.096,0.337],[-0.966,3.35],[-0.382,1.348],[-0.727,2.4],[-0.249,0.872],[-0.067,0.277],[-0.036,0.052],[-0.976,3.318],[-0.344,1.311],[-0.906,3.311],[-0.075,0.326],[-0.928,3.251],[0,0],[-0.383,1.317],[0,0],[-0.062,0.168],[-0.038,0.134],[-0.87,3.213],[0,0],[-0.794,3.216],[-0.061,0.326],[-0.756,3.216],[-0.278,1.138],[-0.038,0.181],[-0.277,1.099],[-0.46,2.074],[0,0],[-0.592,3.142],[-0.201,1.311],[-0.412,3.051],[-0.026,0.322],[-0.181,1.696],[-0.181,1.492],[-0.144,1.342],[-0.449,3.308],[-0.067,0.332],[-0.316,2.284],[-0.172,1.002],[-0.21,1.31],[-0.548,3.311],[-0.067,0.336],[-0.422,2.267],[-0.201,1.033],[-0.277,1.31],[-0.669,3.244],[-0.067,0.336],[-0.727,3.251],[-0.316,1.31],[-0.829,3.219],[-0.096,0.333],[-0.248,0.897],[0,0],[-0.335,1.139],[-0.382,1.311],[-1.023,3.174],[-0.111,0.315],[-1.141,3.15],[0,0],[-0.105,0.308],[-1.243,2.841],[-0.13,0.256],[-0.144,0.333],[-1.646,2.964],[-0.756,1.282],[-0.67,0.938],[-0.335,0.459],[-1.589,1.678],[-0.314,0.301],[0,0],[-1.496,0.852],[-1.353,0.662],[-3.386,1.321],[0,0],[-0.311,0.144],[-3.242,1.071],[0,0],[-1.31,0.424],[-3.003,0.795],[-0.314,0.102],[-3.289,0.417],[-0.461,0.007],[-0.861,-0.105],[-3.176,-0.939],[-0.313,-0.112],[-3.177,-1.371],[-0.498,-0.211],[-0.832,-0.423],[-1.799,-0.967],[-1.416,-0.83],[-0.336,-0.172],[-3.135,-2.274],[-0.118,-0.105],[-0.41,-0.337],[-0.764,-0.596],[-2.802,-2.66],[-0.119,-0.123],[-0.333,-0.277],[-0.83,-0.897],[0,0],[-1.398,-3.083],[-0.134,-0.333],[-0.078,-0.224],[-1.349,-3.321],[-0.028,-0.055],[-0.498,-1.338],[-1.174,-3.427],[0,0],[-1.071,-3.387],[-0.424,-1.31],[-0.337,-0.956],[-0.691,-2.312],[-0.073,-0.322],[-0.943,-3.307],[-0.383,-1.31],[-0.939,-3.283],[-0.105,-0.336],[-0.105,-0.385],[-0.796,-2.869],[-0.372,-1.318],[-0.172,-0.624],[-0.69,-2.628],[-0.066,-0.333],[-0.861,-3.213],[0,0],[-0.857,-3.176],[-0.073,-0.337],[-0.277,-1.033],[-0.333,-1.138],[-0.276,-1.005],[-0.347,-1.271],[-0.827,-3.107],[-0.105,-0.337],[-0.827,-3.041],[-0.137,-0.53],[-0.211,-0.861],[-0.448,-2.344],[-0.204,-1.04],[-0.038,-0.332],[-0.459,-3.384],[-0.143,-1.35],[-0.256,-3.357],[-0.006,-0.322],[-0.095,-1.801],[-0.067,-1.521],[-0.105,-1.31],[-0.07,-3.307],[0.017,-0.32],[-0.029,-3.242]],"o":[[0,3.251],[0.031,0.319],[0,3.279],[0,1.349],[-0.144,3.29],[0,0],[-0.105,1.972],[-0.098,1.311],[-0.067,1.271],[-0.277,3.35],[0,0.316],[-0.347,3.415],[-0.172,1.377],[-0.315,2.207],[-0.172,1.216],[-0.067,0.308],[-0.595,3.3],[-0.452,1.384],[-0.308,0.483],[0,0],[-0.305,-0.354],[-0.099,-1.328],[0.095,-0.956],[0.315,-1.912],[0,0],[0.66,-2.87],[0.005,-0.085],[0.278,-1.216],[0.794,-3.079],[0.067,-0.315],[0.832,-3.107],[0.344,-1.32],[0.689,-2.34],[0.239,-0.869],[0.067,-0.239],[0.014,-0.063],[0.899,-3.185],[0.373,-1.31],[0.937,-3.187],[0.111,-0.311],[0.956,-3.213],[0,0],[0.382,-1.321],[0,0],[0.027,-0.179],[0,-0.133],[0.899,-3.251],[0,0],[0.861,-3.279],[0.098,-0.312],[0.832,-3.317],[0.316,-1.135],[0,-0.171],[0.278,-1.139],[0.478,-2.141],[0,0],[0.72,-3.353],[0.268,-1.311],[0.621,-3.423],[0.063,-0.315],[0.248,-1.825],[0.135,-1.451],[0.134,-1.272],[0.382,-3.184],[0,-0.318],[0.277,-2.211],[0.134,-0.957],[0.171,-1.282],[0.491,-3.188],[0.067,-0.304],[0.383,-2.217],[0.172,-0.956],[0.248,-1.322],[0.583,-3.252],[0,-0.315],[0.698,-3.251],[0.306,-1.31],[0.758,-3.279],[0.067,-0.309],[0.211,-0.9],[0,0],[0.315,-1.139],[0.383,-1.321],[0.957,-3.317],[0.074,-0.322],[1.071,-3.346],[0,0],[0.105,-0.277],[1.177,-3.118],[0.1,-0.27],[0.144,-0.308],[1.549,-3.493],[0.765,-1.387],[0.622,-1.034],[0.315,-0.487],[1.335,-1.888],[0.278,-0.333],[0,0],[1.262,-1.17],[1.271,-0.809],[2.793,-1.426],[0,0],[0.325,-0.108],[3.147,-1.205],[0,0],[1.31,-0.449],[3.424,-1.068],[0.323,-0.063],[3.201,-0.855],[0.456,-0.063],[0.832,0],[3.302,0.235],[0.323,0.073],[3.315,0.999],[0.488,0.241],[0.832,0.382],[1.827,0.897],[1.453,0.791],[0.304,0.172],[3.356,2.035],[0.137,0.08],[0.421,0.277],[0.795,0.553],[3.388,2.62],[0.13,0.105],[0.315,0.315],[0.957,0.956],[0,0],[2.131,2.632],[0.136,0.305],[0.109,0.213],[1.282,2.659],[0.015,0.06],[0.487,1.206],[1.139,3.041],[0,0],[1.071,3.111],[0.411,1.272],[0.305,0.956],[0.697,2.239],[0.112,0.316],[0.971,3.189],[0.374,1.283],[0.956,3.213],[0.105,0.315],[0.106,0.333],[0.791,2.87],[0.375,1.311],[0.143,0.624],[0.729,2.631],[0.067,0.307],[0.9,3.251],[0,0],[0.865,3.322],[0.071,0.316],[0.27,1.073],[0.315,1.177],[0.337,1.135],[0.344,1.338],[0.897,3.392],[0.077,0.316],[0.9,3.454],[0.133,0.519],[0.21,0.791],[0.514,2.105],[0.2,0.956],[0,0.309],[0.515,3.118],[0.172,1.283],[0.382,3.142],[0.045,0.315],[0.134,1.73],[0.105,1.489],[0.105,1.31],[0.137,3.188],[0.017,0.319],[0.094,3.215],[-0.221,1.194]],"v":[[136.812,89.875],[136.746,99.583],[136.746,100.54],[136.574,110.286],[136.469,114.255],[136.048,123.971],[136.048,124.927],[135.733,130.774],[135.492,134.674],[135.215,138.653],[134.384,148.361],[134.318,149.318],[133.246,159.064],[132.727,163.034],[131.771,169.286],[131.179,172.749],[131.007,173.705],[128.558,183.451],[126.789,187.432],[125.65,188.703],[-136.408,188.703],[-136.896,187.432],[-136.752,183.451],[-136.274,180.172],[-134.955,173.705],[-134.754,172.749],[-132.363,163.034],[-132.296,162.796],[-131.339,159.064],[-128.709,149.318],[-128.441,148.361],[-125.744,138.653],[-124.635,134.674],[-122.559,127.492],[-121.832,124.927],[-121.631,124.174],[-121.555,124.003],[-118.791,114.284],[-117.691,110.314],[-114.927,100.568],[-114.649,99.612],[-111.885,89.904],[-111.885,89.838],[-110.776,85.927],[-108.079,76.182],[-107.945,75.663],[-107.84,75.253],[-105.21,65.507],[-104.177,61.565],[-101.652,51.819],[-101.413,50.862],[-99.031,41.116],[-98.199,37.732],[-98.056,37.179],[-97.262,33.763],[-95.846,27.432],[-95.636,26.476],[-93.666,16.729],[-92.948,12.788],[-91.389,3.042],[-91.255,2.085],[-90.625,-3.233],[-90.175,-7.661],[-89.763,-11.592],[-88.559,-21.335],[-88.415,-22.292],[-87.516,-29.035],[-87.066,-32.038],[-86.483,-35.979],[-84.924,-45.726],[-84.752,-46.682],[-83.575,-53.377],[-83.03,-56.445],[-82.265,-60.387],[-80.352,-70.134],[-80.18,-71.09],[-78.066,-80.836],[-77.167,-84.774],[-74.786,-94.52],[-74.547,-95.477],[-73.849,-98.213],[-72.892,-101.772],[-71.936,-105.223],[-70.798,-109.165],[-67.862,-118.911],[-67.584,-119.867],[-64.266,-129.614],[-63.127,-132.721],[-62.812,-133.583],[-59.187,-142.506],[-58.843,-143.298],[-58.421,-144.254],[-53.639,-154.001],[-51.325,-157.98],[-49.412,-160.916],[-48.456,-162.332],[-44.065,-167.688],[-43.176,-168.645],[-42.86,-168.95],[-38.709,-171.991],[-34.77,-174.201],[-25.406,-178.391],[-25.023,-178.563],[-24.067,-178.945],[-14.426,-182.36],[-14.321,-182.36],[-10.381,-183.643],[-0.635,-186.435],[0.322,-186.684],[10.068,-188.597],[11.445,-188.702],[13.999,-188.597],[23.745,-186.834],[24.701,-186.558],[34.447,-183.001],[35.901,-182.339],[38.387,-181.163],[43.849,-178.37],[48.135,-175.915],[49.091,-175.357],[58.834,-168.904],[59.219,-168.624],[60.498,-167.667],[62.814,-165.936],[72.15,-157.959],[72.522,-157.616],[73.478,-156.719],[76.137,-153.983],[77.181,-152.845],[82.496,-144.237],[82.948,-143.28],[83.225,-142.622],[87.127,-133.562],[87.194,-133.391],[88.648,-129.565],[92.137,-119.818],[92.453,-118.862],[95.668,-109.116],[96.912,-105.216],[97.869,-102.347],[99.943,-95.47],[100.219,-94.514],[103.089,-84.767],[104.228,-80.826],[106.992,-71.079],[107.268,-70.123],[107.577,-68.946],[109.966,-60.339],[111.066,-56.401],[111.553,-54.571],[113.697,-46.653],[113.935,-45.698],[116.566,-35.951],[117.6,-32.01],[120.188,-22.264],[120.437,-21.307],[121.261,-18.133],[122.217,-14.641],[123.012,-11.561],[124.046,-7.63],[126.635,2.116],[126.884,3.072],[129.476,12.816],[129.89,14.302],[130.51,16.757],[131.963,23.452],[132.549,26.493],[132.692,27.449],[134.107,37.196],[134.556,41.138],[135.513,50.884],[135.589,51.84],[135.961,57.092],[136.238,61.587],[136.486,65.524],[136.795,75.271],[136.795,76.228],[136.995,85.974]],"c":true},"ix":2},"nm":"Path 1","mn":"ADBE Vector Shape - Group","hd":false},{"ty":"fl","c":{"a":0,"k":[0.85882358925,0.129411764706,0.152941176471,1],"ix":4},"o":{"a":0,"k":100,"ix":5},"r":1,"bm":0,"nm":"Fill 1","mn":"ADBE Vector Graphic - Fill","hd":false},{"ty":"tr","p":{"a":0,"k":[327.39,603.926],"ix":2},"a":{"a":0,"k":[0,0],"ix":1},"s":{"a":0,"k":[100,100],"ix":3},"r":{"a":0,"k":0,"ix":6},"o":{"a":0,"k":100,"ix":7},"sk":{"a":0,"k":0,"ix":4},"sa":{"a":0,"k":0,"ix":5},"nm":"Transform"}],"nm":"Group 8","np":2,"cix":2,"bm":0,"ix":8,"mn":"ADBE Vector Group","hd":false}],"ip":0,"op":300.00001221925,"st":0,"bm":0},{"ddd":0,"ind":9,"ty":4,"nm":"Layer 35 Outlines","sr":1,"ks":{"o":{"a":0,"k":100,"ix":11},"r":{"a":0,"k":0,"ix":10},"p":{"a":0,"k":[500,500,0],"ix":2,"l":2},"a":{"a":0,"k":[500,500,0],"ix":1,"l":2},"s":{"a":0,"k":[100,100,100],"ix":6,"l":2}},"ao":0,"shapes":[{"ty":"gr","it":[{"ind":0,"ty":"sh","ix":1,"ks":{"a":0,"k":{"i":[[7.441,27.438],[3.896,13.807],[1.187,8.762],[-0.045,-0.441],[-0.393,-6.186],[3.826,12.504],[0.105,0.049],[0.108,-0.032],[0.063,-0.098],[-0.021,-0.112],[-7.487,-28.109],[-3.041,-29.305],[0.01,1.035]],"o":[[-3.755,-13.845],[-0.508,-8.895],[-0.056,-0.42],[0.662,6.159],[-3.626,-12.566],[-0.042,-0.108],[-0.102,-0.053],[-0.109,0.031],[-0.059,0.098],[6.579,28.328],[7.567,28.366],[0.105,0.958],[-0.354,-28.654]],"v":[[4.926,1.374],[-6.552,-40.099],[-9.603,-66.685],[-10.283,-66.685],[-8.867,-48.143],[-20.047,-85.747],[-20.271,-85.992],[-20.6,-86.023],[-20.867,-85.824],[-20.926,-85.499],[0.421,-0.913],[19.366,85.021],[20.936,85.021]],"c":true},"ix":2},"nm":"Path 1","mn":"ADBE Vector Shape - Group","hd":false},{"ty":"fl","c":{"a":0,"k":[0.627450980392,0.094117654539,0.235294132607,1],"ix":4},"o":{"a":0,"k":100,"ix":5},"r":1,"bm":0,"nm":"Fill 1","mn":"ADBE Vector Graphic - Fill","hd":false},{"ty":"tr","p":{"a":0,"k":[444.654,589.614],"ix":2},"a":{"a":0,"k":[0,0],"ix":1},"s":{"a":0,"k":[100,100],"ix":3},"r":{"a":0,"k":0,"ix":6},"o":{"a":0,"k":100,"ix":7},"sk":{"a":0,"k":0,"ix":4},"sa":{"a":0,"k":0,"ix":5},"nm":"Transform"}],"nm":"Group 1","np":2,"cix":2,"bm":0,"ix":1,"mn":"ADBE Vector Group","hd":false}],"ip":0,"op":300.00001221925,"st":0,"bm":0},{"ddd":0,"ind":10,"ty":4,"nm":"Layer 36 Outlines","sr":1,"ks":{"o":{"a":0,"k":100,"ix":11},"r":{"a":1,"k":[{"i":{"x":[0.833],"y":[0.833]},"o":{"x":[0.167],"y":[0.167]},"t":0,"s":[7]},{"i":{"x":[0.833],"y":[0.833]},"o":{"x":[0.167],"y":[0.167]},"t":30,"s":[-9]},{"i":{"x":[0.833],"y":[0.833]},"o":{"x":[0.167],"y":[0.167]},"t":60,"s":[7]},{"i":{"x":[0.833],"y":[0.833]},"o":{"x":[0.167],"y":[0.167]},"t":90,"s":[-9]},{"i":{"x":[0.833],"y":[0.833]},"o":{"x":[0.167],"y":[0.167]},"t":120,"s":[7]},{"i":{"x":[0.833],"y":[0.833]},"o":{"x":[0.167],"y":[0.167]},"t":150,"s":[-9]},{"i":{"x":[0.833],"y":[0.833]},"o":{"x":[0.167],"y":[0.167]},"t":180,"s":[7]},{"i":{"x":[0.833],"y":[0.833]},"o":{"x":[0.167],"y":[0.167]},"t":210,"s":[-9]},{"i":{"x":[0.833],"y":[0.833]},"o":{"x":[0.167],"y":[0.167]},"t":240,"s":[7]},{"i":{"x":[0.833],"y":[0.833]},"o":{"x":[0.167],"y":[0.167]},"t":270,"s":[-9]},{"i":{"x":[0.833],"y":[0.833]},"o":{"x":[0.167],"y":[0.167]},"t":300,"s":[7]},{"t":330.000013441176,"s":[-9]}],"ix":10},"p":{"a":0,"k":[379.594,470.849,0],"ix":2,"l":2},"a":{"a":0,"k":[379.594,470.849,0],"ix":1,"l":2},"s":{"a":0,"k":[100,100,100],"ix":6,"l":2}},"ao":0,"shapes":[{"ty":"gr","it":[{"ind":0,"ty":"sh","ix":1,"ks":{"a":0,"k":{"i":[[7.014,1.433],[3.128,2.075],[-3.651,0.714],[-4.264,-1.979]],"o":[[-7.651,-1.549],[-3.129,-2.077],[3.654,-0.719],[4.267,1.98]],"v":[[14.646,6.615],[-18.531,-1.734],[-14.008,-7.328],[16.857,-3.352]],"c":true},"ix":2},"nm":"Path 1","mn":"ADBE Vector Shape - Group","hd":false},{"ty":"fl","c":{"a":0,"k":[1,0.682352941176,0.627450980392,1],"ix":4},"o":{"a":0,"k":100,"ix":5},"r":1,"bm":0,"nm":"Fill 1","mn":"ADBE Vector Graphic - Fill","hd":false},{"ty":"tr","p":{"a":0,"k":[653.225,604.935],"ix":2},"a":{"a":0,"k":[0,0],"ix":1},"s":{"a":0,"k":[100,100],"ix":3},"r":{"a":0,"k":0,"ix":6},"o":{"a":0,"k":100,"ix":7},"sk":{"a":0,"k":0,"ix":4},"sa":{"a":0,"k":0,"ix":5},"nm":"Transform"}],"nm":"Group 1","np":2,"cix":2,"bm":0,"ix":1,"mn":"ADBE Vector Group","hd":false},{"ty":"gr","it":[{"ind":0,"ty":"sh","ix":1,"ks":{"a":0,"k":{"i":[[5.931,0.459],[2.803,1.521],[-2.935,1.082],[-3.721,-1.293]],"o":[[-6.523,-0.508],[-2.802,-1.523],[2.937,-1.079],[3.72,1.292]],"v":[[12.567,5.079],[-15.695,1.37],[-12.56,-4.245],[13.323,-4.245]],"c":true},"ix":2},"nm":"Path 1","mn":"ADBE Vector Shape - Group","hd":false},{"ty":"fl","c":{"a":0,"k":[1,0.682352941176,0.627450980392,1],"ix":4},"o":{"a":0,"k":100,"ix":5},"r":1,"bm":0,"nm":"Fill 1","mn":"ADBE Vector Graphic - Fill","hd":false},{"ty":"tr","p":{"a":0,"k":[643.954,610.975],"ix":2},"a":{"a":0,"k":[0,0],"ix":1},"s":{"a":0,"k":[100,100],"ix":3},"r":{"a":0,"k":0,"ix":6},"o":{"a":0,"k":100,"ix":7},"sk":{"a":0,"k":0,"ix":4},"sa":{"a":0,"k":0,"ix":5},"nm":"Transform"}],"nm":"Group 2","np":2,"cix":2,"bm":0,"ix":2,"mn":"ADBE Vector Group","hd":false},{"ty":"gr","it":[{"ind":0,"ty":"sh","ix":1,"ks":{"a":0,"k":{"i":[[0,0],[-4.421,-2.522],[-3.636,-2.799],[9.718,1.482],[15.064,7.519]],"o":[[3.748,-1.443],[10.577,6.047],[3.634,2.803],[-9.719,-1.482],[-15.065,-7.517]],"v":[[-14.548,-10.882],[8.57,-10.357],[43.958,-1.289],[14.404,8.44],[-32.527,5.359]],"c":true},"ix":2},"nm":"Path 1","mn":"ADBE Vector Shape - Group","hd":false},{"ty":"fl","c":{"a":0,"k":[1,0.682352941176,0.627450980392,1],"ix":4},"o":{"a":0,"k":100,"ix":5},"r":1,"bm":0,"nm":"Fill 1","mn":"ADBE Vector Graphic - Fill","hd":false},{"ty":"tr","p":{"a":0,"k":[633.26,587.282],"ix":2},"a":{"a":0,"k":[0,0],"ix":1},"s":{"a":0,"k":[100,100],"ix":3},"r":{"a":0,"k":0,"ix":6},"o":{"a":0,"k":100,"ix":7},"sk":{"a":0,"k":0,"ix":4},"sa":{"a":0,"k":0,"ix":5},"nm":"Transform"}],"nm":"Group 3","np":2,"cix":2,"bm":0,"ix":3,"mn":"ADBE Vector Group","hd":false},{"ty":"gr","it":[{"ind":0,"ty":"sh","ix":1,"ks":{"a":0,"k":{"i":[[0,0],[15.706,-3.118],[0,0],[0,0],[0,0]],"o":[[0,0],[0,0],[0,0],[-15.695,3.119],[0,0]],"v":[[106.984,-41.948],[92.007,5.555],[8.14,22.199],[-75.738,38.829],[-107.713,0.65]],"c":true},"ix":2},"nm":"Path 1","mn":"ADBE Vector Shape - Group","hd":false},{"ty":"fl","c":{"a":0,"k":[0.654901960784,0.725490196078,0.63137254902,1],"ix":4},"o":{"a":0,"k":100,"ix":5},"r":1,"bm":0,"nm":"Fill 1","mn":"ADBE Vector Graphic - Fill","hd":false},{"ty":"tr","p":{"a":0,"k":[794.043,576.259],"ix":2},"a":{"a":0,"k":[0,0],"ix":1},"s":{"a":0,"k":[100,100],"ix":3},"r":{"a":0,"k":0,"ix":6},"o":{"a":0,"k":100,"ix":7},"sk":{"a":0,"k":0,"ix":4},"sa":{"a":0,"k":0,"ix":5},"nm":"Transform"}],"nm":"Group 4","np":2,"cix":2,"bm":0,"ix":4,"mn":"ADBE Vector Group","hd":false},{"ty":"gr","it":[{"ind":0,"ty":"sh","ix":1,"ks":{"a":0,"k":{"i":[[0,0],[0,0],[0,0],[0,0]],"o":[[0,0],[0,0],[0,0],[0,0]],"v":[[77.053,-10.37],[-72.807,25.693],[-77.053,4.281],[74.023,-25.693]],"c":true},"ix":2},"nm":"Path 1","mn":"ADBE Vector Shape - Group","hd":false},{"ty":"fl","c":{"a":0,"k":[0.862745157878,0.564705882353,0.407843167174,1],"ix":4},"o":{"a":0,"k":100,"ix":5},"r":1,"bm":0,"nm":"Fill 1","mn":"ADBE Vector Graphic - Fill","hd":false},{"ty":"tr","p":{"a":0,"k":[627.698,599.551],"ix":2},"a":{"a":0,"k":[0,0],"ix":1},"s":{"a":0,"k":[100,100],"ix":3},"r":{"a":0,"k":0,"ix":6},"o":{"a":0,"k":100,"ix":7},"sk":{"a":0,"k":0,"ix":4},"sa":{"a":0,"k":0,"ix":5},"nm":"Transform"}],"nm":"Group 5","np":2,"cix":2,"bm":0,"ix":5,"mn":"ADBE Vector Group","hd":false},{"ty":"gr","it":[{"ind":0,"ty":"sh","ix":1,"ks":{"a":0,"k":{"i":[[5.76,-1.724],[5.181,-8.923],[-1.779,-4.709],[-4.908,-2.294],[-6.972,4.954],[-6.12,23.899],[-0.872,3.31]],"o":[[-3.289,0.956],[-5.185,8.924],[2.449,6.473],[8.608,4.057],[2.228,-1.576],[2.411,-9.421],[0.869,-3.307]],"v":[[25.795,-58.349],[-15.674,-12.27],[-38.142,38.709],[-17.759,50.507],[7.651,55.118],[15.141,6.745],[39.052,-40.342]],"c":true},"ix":2},"nm":"Path 1","mn":"ADBE Vector Shape - Group","hd":false},{"ty":"fl","c":{"a":0,"k":[0.627450980392,0.094117654539,0.235294132607,1],"ix":4},"o":{"a":0,"k":100,"ix":5},"r":1,"bm":0,"nm":"Fill 1","mn":"ADBE Vector Graphic - Fill","hd":false},{"ty":"tr","p":{"a":0,"k":[484.852,626.201],"ix":2},"a":{"a":0,"k":[0,0],"ix":1},"s":{"a":0,"k":[100,100],"ix":3},"r":{"a":0,"k":0,"ix":6},"o":{"a":0,"k":100,"ix":7},"sk":{"a":0,"k":0,"ix":4},"sa":{"a":0,"k":0,"ix":5},"nm":"Transform"}],"nm":"Group 6","np":2,"cix":2,"bm":0,"ix":6,"mn":"ADBE Vector Group","hd":false},{"ty":"gr","it":[{"ind":0,"ty":"sh","ix":1,"ks":{"a":0,"k":{"i":[[-0.137,-0.936],[2.218,-3.427],[1.005,-1.443],[0.067,-0.088],[1.443,-2.227],[0.764,-1.167],[0.21,-0.336],[2.147,-3.559],[0.332,-0.557],[0,0],[0.14,-0.276],[1.898,-3.454],[0.172,-0.333],[1.1,-2.141],[0.582,-1.205],[0.669,-1.388],[0,0],[1.52,-3.212],[0.137,-0.337],[1.377,-3.356],[0.21,-0.554],[0.336,-0.763],[-0.008,-0.025],[0.823,-2.068],[4.152,2.593],[1.416,1.002],[0,0],[1.762,1.454],[1.415,1.321],[0.336,0.265],[1.692,1.825],[0,0],[1.177,1.548],[0.915,1.377],[0,0],[0.105,0.134],[0.796,1.216],[2.148,3.426],[0.21,0.336],[0.21,0.298],[0.333,0.525],[1.517,2.488],[0,0],[0.956,1.608],[0.956,1.653],[0.172,0.337],[0.176,0.319],[1.692,3.013],[0.756,1.311],[0.83,1.492],[0.333,0.553],[0.651,1.243],[0,0],[1.653,3.282],[0.659,1.244],[0,0],[1.282,2.526],[0.354,0.726],[0.172,0.333],[1.566,3.212],[0.585,1.31],[0.525,1.139],[0.337,0.659],[0.601,1.443],[0.11,0.326],[1.282,3.184],[0.478,1.31],[0.554,1.448],[0.602,1.731],[0,0],[0.516,1.664],[0.172,0.519],[0.277,1.072],[0.345,1.377],[0.659,3.416],[0.039,0.337],[0.45,3.321],[0.135,1.31],[0.173,3.213],[0.002,0.319],[-0.067,3.146],[-0.067,1.282],[-0.642,3.202],[-0.103,0.312],[-1.829,2.995],[-0.816,0.739],[-0.266,0.15],[-0.561,0.171],[-0.81,-0.007],[-1.055,-0.243],[-2.079,-1.051],[-0.332,-0.172],[-0.652,-0.372],[-2.505,-1.776],[-1.349,-1.026],[-0.83,-0.651],[-0.42,-0.336],[-2.039,-1.797],[-0.336,-0.277],[-1.377,-1.299],[-1.416,-1.348],[-0.414,-0.385],[-1.31,-1.31],[-1.52,-1.558],[-0.277,-0.337],[-1.349,-1.415],[-0.333,-0.315],[-1.244,-1.387],[0,0],[0,0],[-0.861,-1.002],[0,0],[-0.624,-0.753],[-0.28,-0.333],[-2.526,-3.041],[-0.337,-0.382],[-1.1,-1.349],[-2.21,-2.733],[-0.494,-0.596],[-0.238,-0.336],[-0.582,-0.686],[-2.039,-2.6],[-1.072,-1.31],[0,0],[0,0],[-2.116,-2.697],[-0.238,-0.337],[-0.862,-1.068],[-1.321,-1.664],[-0.385,-0.497],[-1.005,-1.283],[-1.763,-2.376],[0,0],[0,0],[0,0],[-2.179,-2.974],[-0.248,-0.316],[-0.659,-0.938],[-0.581,-0.862],[-1.11,-1.836],[-0.172,-0.298]],"o":[[-0.066,1.177],[-0.756,1.166],[-0.049,0.098],[-1.177,1.797],[-0.697,1.101],[-0.203,0.316],[-1.86,2.94],[-0.309,0.515],[0,0],[-0.133,0.238],[-1.762,3.041],[-0.175,0.309],[-1.068,2.007],[-0.592,1.137],[-0.585,1.205],[0,0],[-1.453,2.975],[-0.134,0.315],[-1.415,3.146],[-0.249,0.515],[-0.305,0.725],[-0.008,0.025],[-0.831,1.997],[-0.249,0.592],[-1.243,-0.767],[0,0],[-1.625,-1.177],[-1.384,-1.139],[-0.315,-0.238],[-1.721,-1.629],[0,0],[-1.282,-1.415],[-0.999,-1.321],[0,0],[-0.106,-0.133],[-0.757,-1.139],[-1.997,-3.072],[-0.21,-0.304],[-0.21,-0.333],[-0.21,-0.294],[-1.454,-2.352],[0,0],[-0.956,-1.588],[-0.957,-1.604],[-0.172,-0.315],[-0.172,-0.336],[-1.692,-2.87],[-0.767,-1.311],[-0.753,-1.31],[-0.319,-0.554],[-0.651,-1.206],[0,0],[-1.77,-3.212],[-0.697,-1.24],[0,0],[-1.31,-2.527],[-0.375,-0.725],[-0.171,-0.307],[-1.626,-3.251],[-0.623,-1.321],[-0.553,-1.146],[-0.305,-0.7],[-0.658,-1.446],[-0.145,-0.313],[-1.454,-3.279],[-0.555,-1.311],[-0.622,-1.486],[-0.661,-1.797],[0,0],[-0.621,-1.73],[-0.21,-0.543],[-0.316,-0.956],[-0.383,-1.244],[-0.765,-3.041],[-0.067,-0.315],[-0.621,-3.146],[-0.21,-1.31],[-0.42,-3.251],[-0.042,-0.319],[-0.211,-3.356],[0,-1.349],[0.142,-3.262],[0.036,-0.326],[0.637,-3.447],[0.634,-0.901],[0.215,-0.217],[0.471,-0.354],[0.768,-0.26],[1.082,0.011],[2.261,0.556],[0.308,0.172],[0.631,0.315],[2.673,1.516],[1.321,0.956],[0.791,0.592],[0.386,0.315],[2.039,1.626],[0.315,0.28],[1.416,1.243],[1.377,1.3],[0.42,0.382],[1.345,1.31],[1.598,1.559],[0.316,0.306],[1.415,1.493],[0.308,0.343],[1.349,1.481],[0,0],[0,0],[0.767,0.9],[0,0],[0.582,0.718],[0.238,0.315],[2.207,2.659],[0.316,0.375],[1.068,1.272],[2.113,2.554],[0.477,0.585],[0.269,0.304],[0.585,0.725],[2.011,2.527],[1.068,1.31],[0,0],[0,0],[2.144,2.698],[0.277,0.316],[0.873,1.072],[1.321,1.697],[0.382,0.477],[1.002,1.349],[1.913,2.445],[0,0],[0,0],[0,0],[2.631,3.493],[0.238,0.348],[0.754,1.033],[0.658,0.94],[1.973,2.869],[0.172,0.342],[0.486,0.812]],"v":[[82.328,36.72],[78.772,43.57],[76.18,47.5],[76.008,47.777],[72.039,53.83],[69.821,57.246],[69.236,58.202],[63.221,67.949],[62.265,69.536],[61.308,71.095],[60.86,71.887],[55.37,81.633],[54.879,82.59],[51.6,88.816],[49.803,92.336],[47.88,96.267],[47.669,96.715],[43.28,106.013],[42.866,106.97],[38.62,116.716],[37.923,118.342],[36.967,120.587],[36.967,120.658],[34.518,126.768],[27.286,123.593],[23.317,120.934],[22.935,120.658],[17.789,116.716],[13.571,113.013],[12.615,112.194],[7.472,106.97],[6.638,106.013],[2.907,101.529],[0.037,97.483],[-0.754,96.267],[-1.031,95.857],[-3.347,92.325],[-9.562,82.579],[-10.157,81.623],[-10.777,80.666],[-11.734,79.185],[-16.19,71.925],[-18.583,67.985],[-21.452,63.202],[-24.321,58.259],[-24.875,57.302],[-25.394,56.402],[-30.47,47.556],[-32.719,43.625],[-35.136,39.264],[-36.093,37.572],[-38.093,33.879],[-38.608,32.922],[-43.793,23.176],[-45.801,19.41],[-45.906,19.239],[-49.78,11.671],[-50.853,9.491],[-51.329,8.535],[-56.111,-1.211],[-57.94,-5.152],[-59.537,-8.537],[-60.494,-10.583],[-62.405,-14.898],[-62.788,-15.855],[-66.939,-25.601],[-68.488,-29.539],[-70.219,-33.961],[-72.132,-39.286],[-72.448,-40.242],[-74.141,-45.333],[-74.657,-46.92],[-75.556,-49.988],[-76.628,-53.93],[-78.808,-63.676],[-78.981,-64.633],[-80.568,-74.379],[-81.085,-78.348],[-81.984,-88.063],[-82.05,-89.02],[-82.261,-98.766],[-82.127,-102.746],[-80.95,-112.454],[-80.74,-113.41],[-77.01,-123.156],[-74.829,-125.623],[-74.103,-126.176],[-72.544,-126.971],[-70.162,-127.354],[-66.948,-126.971],[-60.417,-124.551],[-59.461,-124.074],[-57.488,-123.002],[-49.714,-118.059],[-45.734,-115.12],[-43.317,-113.256],[-42.14,-112.3],[-36.026,-107.185],[-35.07,-106.389],[-30.824,-102.564],[-26.539,-98.584],[-25.323,-97.445],[-21.358,-93.546],[-16.688,-88.838],[-15.791,-87.881],[-11.639,-83.491],[-10.683,-82.489],[-6.808,-78.166],[-5.459,-76.614],[-3.357,-74.197],[-0.937,-71.327],[3.043,-66.661],[4.841,-64.489],[5.636,-63.532],[12.751,-54.925],[13.708,-53.786],[16.948,-49.845],[23.454,-41.899],[24.905,-40.098],[25.661,-39.142],[27.42,-37.002],[33.544,-29.35],[36.718,-25.409],[37.138,-24.894],[38.095,-23.717],[44.495,-15.663],[45.248,-14.706],[47.841,-11.466],[51.821,-6.414],[52.959,-4.96],[56,-1.018],[61.529,6.136],[62.485,7.376],[63.515,8.725],[64.244,9.681],[71.503,19.427],[72.231,20.433],[74.334,23.368],[76.197,26.028],[80.867,33.116],[81.383,34.072]],"c":true},"ix":2},"nm":"Path 1","mn":"ADBE Vector Shape - Group","hd":false},{"ty":"fl","c":{"a":0,"k":[0.85882358925,0.129411764706,0.152941176471,1],"ix":4},"o":{"a":0,"k":100,"ix":5},"r":1,"bm":0,"nm":"Fill 1","mn":"ADBE Vector Graphic - Fill","hd":false},{"ty":"tr","p":{"a":0,"k":[435.816,548.757],"ix":2},"a":{"a":0,"k":[0,0],"ix":1},"s":{"a":0,"k":[100,100],"ix":3},"r":{"a":0,"k":0,"ix":6},"o":{"a":0,"k":100,"ix":7},"sk":{"a":0,"k":0,"ix":4},"sa":{"a":0,"k":0,"ix":5},"nm":"Transform"}],"nm":"Group 7","np":2,"cix":2,"bm":0,"ix":7,"mn":"ADBE Vector Group","hd":false},{"ty":"gr","it":[{"ind":0,"ty":"sh","ix":1,"ks":{"a":0,"k":{"i":[[-0.516,-27.438],[6.839,3.178],[11.399,27.824],[-6.265,1.972],[-21.357,-29.439],[-1.664,-1.111],[-4.495,0.448]],"o":[[-14.171,4.39],[-48.175,-22.186],[-20.496,-49.734],[21.997,-6.769],[14.164,19.57],[0.728,0.514],[-9.162,25.956]],"v":[[77.082,122.893],[44.115,125.762],[-67.786,-28.929],[-76.145,-122.171],[4.376,-54.714],[80.095,41.37],[88.282,41.37]],"c":true},"ix":2},"nm":"Path 1","mn":"ADBE Vector Shape - Group","hd":false},{"ty":"fl","c":{"a":0,"k":[0.850980451995,0.490196108351,0.545098039216,1],"ix":4},"o":{"a":0,"k":100,"ix":5},"r":1,"bm":0,"nm":"Fill 1","mn":"ADBE Vector Graphic - Fill","hd":false},{"ty":"tr","p":{"a":0,"k":[438.088,548.049],"ix":2},"a":{"a":0,"k":[0,0],"ix":1},"s":{"a":0,"k":[100,100],"ix":3},"r":{"a":0,"k":0,"ix":6},"o":{"a":0,"k":100,"ix":7},"sk":{"a":0,"k":0,"ix":4},"sa":{"a":0,"k":0,"ix":5},"nm":"Transform"}],"nm":"Group 8","np":2,"cix":2,"bm":0,"ix":8,"mn":"ADBE Vector Group","hd":false},{"ty":"gr","it":[{"ind":0,"ty":"sh","ix":1,"ks":{"a":0,"k":{"i":[[3.195,-3.289],[6.819,1.069],[1.416,0.477],[46.139,-14.269],[6.839,3.174],[11.399,27.824],[-6.265,1.973],[-21.356,-29.439],[-1.664,-1.11],[-4.495,0.449],[-7.602,1.044],[-12.546,-1.073]],"o":[[-6.043,6.353],[-6.82,-1.072],[-1.625,0],[-14.171,4.389],[-48.175,-22.191],[-20.496,-49.734],[21.997,-6.772],[14.164,19.57],[0.728,0.516],[25.508,-2.487],[12.241,-1.731],[12.549,1.072]],"v":[[167.378,52.054],[132.823,66.737],[113.12,65.637],[-5.208,122.896],[-38.176,125.766],[-150.077,-28.926],[-158.435,-122.169],[-77.915,-54.711],[-2.195,41.372],[5.991,41.372],[114.574,22.605],[155.326,25.198]],"c":true},"ix":2},"nm":"Path 1","mn":"ADBE Vector Shape - Group","hd":false},{"ty":"fl","c":{"a":0,"k":[1,0.709803921569,0.588235294118,1],"ix":4},"o":{"a":0,"k":100,"ix":5},"r":1,"bm":0,"nm":"Fill 1","mn":"ADBE Vector Graphic - Fill","hd":false},{"ty":"tr","p":{"a":0,"k":[520.378,548.018],"ix":2},"a":{"a":0,"k":[0,0],"ix":1},"s":{"a":0,"k":[100,100],"ix":3},"r":{"a":0,"k":0,"ix":6},"o":{"a":0,"k":100,"ix":7},"sk":{"a":0,"k":0,"ix":4},"sa":{"a":0,"k":0,"ix":5},"nm":"Transform"}],"nm":"Group 9","np":2,"cix":2,"bm":0,"ix":9,"mn":"ADBE Vector Group","hd":false}],"ip":0,"op":300.00001221925,"st":0,"bm":0},{"ddd":0,"ind":11,"ty":4,"nm":"Layer 37 Outlines","sr":1,"ks":{"o":{"a":0,"k":100,"ix":11},"r":{"a":0,"k":0,"ix":10},"p":{"a":1,"k":[{"i":{"x":0.833,"y":0.833},"o":{"x":0.167,"y":0.167},"t":0,"s":[446.768,569.708,0],"to":[6.76,-21.757,0],"ti":[0,0,0]},{"i":{"x":0.833,"y":0.833},"o":{"x":0.167,"y":0.167},"t":30,"s":[487.326,439.163,0],"to":[0,0,0],"ti":[0,0,0]},{"i":{"x":0.833,"y":0.833},"o":{"x":0.167,"y":0.167},"t":60,"s":[446.768,569.708,0],"to":[0,0,0],"ti":[0,0,0]},{"i":{"x":0.833,"y":0.833},"o":{"x":0.167,"y":0.167},"t":90,"s":[487.326,439.163,0],"to":[0,0,0],"ti":[0,0,0]},{"i":{"x":0.833,"y":0.833},"o":{"x":0.167,"y":0.167},"t":120,"s":[446.768,569.708,0],"to":[0,0,0],"ti":[0,0,0]},{"i":{"x":0.833,"y":0.833},"o":{"x":0.167,"y":0.167},"t":150,"s":[487.326,439.163,0],"to":[0,0,0],"ti":[0,0,0]},{"i":{"x":0.833,"y":0.833},"o":{"x":0.167,"y":0.167},"t":180,"s":[446.768,569.708,0],"to":[0,0,0],"ti":[0,0,0]},{"i":{"x":0.833,"y":0.833},"o":{"x":0.167,"y":0.167},"t":210,"s":[487.326,439.163,0],"to":[0,0,0],"ti":[0,0,0]},{"i":{"x":0.833,"y":0.833},"o":{"x":0.167,"y":0.167},"t":240,"s":[446.768,569.708,0],"to":[0,0,0],"ti":[0,0,0]},{"i":{"x":0.833,"y":0.833},"o":{"x":0.167,"y":0.167},"t":270,"s":[487.326,439.163,0],"to":[0,0,0],"ti":[6.76,-21.757,0]},{"t":299.00001217852,"s":[446.768,569.708,0]}],"ix":2,"l":2},"a":{"a":0,"k":[500,500,0],"ix":1,"l":2},"s":{"a":0,"k":[100,100,100],"ix":6,"l":2}},"ao":0,"shapes":[{"ty":"gr","it":[{"ind":0,"ty":"sh","ix":1,"ks":{"a":0,"k":{"i":[[14.613,-7.104],[22.744,-4.466],[12.538,-2.008],[5.738,-0.834],[3.529,1.311],[0.259,0.344],[0.007,0.431],[-0.021,0.242],[-18.603,20.057],[7.175,13.81],[8.435,-1.643],[-7.813,-4.648],[0.68,-1.731],[4.361,6.044],[-7.605,5.406],[-11.897,-27.035],[-3.206,-9.663],[-1.111,-9.912]],"o":[[-20.975,10.271],[-12.471,2.414],[-5.739,0.956],[-3.494,0.508],[-0.41,-0.126],[-0.259,-0.343],[-0.021,-0.241],[0,-2.088],[9.448,-10.194],[-4.285,-8.215],[-8.83,1.724],[0.9,-1.369],[-2.008,4.124],[-6.993,-9.564],[20.037,-14.241],[8.608,-5.441],[8.254,-6.419],[1.996,17.712]],"v":[[54.355,28.61],[-14.7,46.592],[-52.217,53.228],[-69.376,55.821],[-81.916,56.777],[-82.949,56.055],[-83.359,54.864],[-83.359,54.139],[-4.855,19.648],[6.38,-21.66],[-16.209,-30.268],[-27.133,-14.773],[-24.32,-13.578],[-40.474,-11.665],[-31.79,-41.64],[39.042,-31.053],[61.492,-23.303],[81.384,-10.869]],"c":true},"ix":2},"nm":"Path 1","mn":"ADBE Vector Shape - Group","hd":false},{"ty":"fl","c":{"a":0,"k":[1,0.764705942191,0.400000029919,1],"ix":4},"o":{"a":0,"k":100,"ix":5},"r":1,"bm":0,"nm":"Fill 1","mn":"ADBE Vector Graphic - Fill","hd":false},{"ty":"tr","p":{"a":0,"k":[827.88,517.721],"ix":2},"a":{"a":0,"k":[0,0],"ix":1},"s":{"a":0,"k":[100,100],"ix":3},"r":{"a":0,"k":0,"ix":6},"o":{"a":0,"k":100,"ix":7},"sk":{"a":0,"k":0,"ix":4},"sa":{"a":0,"k":0,"ix":5},"nm":"Transform"}],"nm":"Group 1","np":2,"cix":2,"bm":0,"ix":1,"mn":"ADBE Vector Group","hd":false}],"ip":0,"op":300.00001221925,"st":0,"bm":0},{"ddd":0,"ind":12,"ty":4,"nm":"Layer 38 Outlines","sr":1,"ks":{"o":{"a":0,"k":100,"ix":11},"r":{"a":0,"k":0,"ix":10},"p":{"a":0,"k":[500,500,0],"ix":2,"l":2},"a":{"a":0,"k":[500,500,0],"ix":1,"l":2},"s":{"a":0,"k":[100,100,100],"ix":6,"l":2}},"ao":0,"shapes":[{"ty":"gr","it":[{"ind":0,"ty":"sh","ix":1,"ks":{"a":0,"k":{"i":[[0,0],[-581.129,-19.769],[0,0]],"o":[[0,0],[581.133,19.77],[0,0]],"v":[[-356.849,324.184],[-8.36,-306.948],[320.19,326.717]],"c":true},"ix":2},"nm":"Path 1","mn":"ADBE Vector Shape - Group","hd":false},{"ty":"fl","c":{"a":0,"k":[1,0.949019667682,0.960784373564,1],"ix":4},"o":{"a":0,"k":100,"ix":5},"r":1,"bm":0,"nm":"Fill 1","mn":"ADBE Vector Graphic - Fill","hd":false},{"ty":"tr","p":{"a":0,"k":[500,469.229],"ix":2},"a":{"a":0,"k":[0,0],"ix":1},"s":{"a":0,"k":[100,100],"ix":3},"r":{"a":0,"k":0,"ix":6},"o":{"a":0,"k":100,"ix":7},"sk":{"a":0,"k":0,"ix":4},"sa":{"a":0,"k":0,"ix":5},"nm":"Transform"}],"nm":"Group 1","np":4,"cix":2,"bm":0,"ix":1,"mn":"ADBE Vector Group","hd":false}],"ip":0,"op":300.00001221925,"st":0,"bm":0}],"markers":[]}